ADATE,Year,Month,Day,Anamolytype,Anamoly
1990-09-11,1990,9,11,UNK,1
1992-04-15,1992,4,15,UNK,1
1987-10-27,1987,10,27,UNK,1
1978-10-04,1978,10,4,ESD,1
1974-06-15,1974,6,15,ESD,1
1974-07-28,1974,7,28,ESD,1
1977-07-24,1977,7,24,ESD,1
1983-02-21,1983,2,21,ESD,1
1983-04-13,1983,4,13,ESD,1
1983-09-14,1983,9,14,ESD,1
1984-04-13,1984,4,13,ESD,1
1984-08-19,1984,8,19,ESD,1
1984-09-01,1984,9,1,ESD,1
1978-12-16,1978,12,16,UNK,1
1979-09-07,1979,9,7,ESD,1
1985-11-14,1985,11,14,UNK,1
1986-02-02,1986,2,2,ESD,1
1987-10-23,1987,10,23,UNK,1
1987-11-05,1987,11,5,UNK,1
1987-12-21,1987,12,21,UNK,1
1988-09-21,1988,9,21,UNK,1
1984-08-12,1984,8,12,UNK,1
1984-09-30,1984,9,30,ESD,1
1984-12-07,1984,12,7,ESD,1
1984-12-08,1984,12,8,UNK,1
1984-12-19,1984,12,19,ESD,1
1984-12-20,1984,12,20,ESD,1
1985-01-20,1985,1,20,ESD,1
1985-03-08,1985,3,8,ESD,1
1985-03-30,1985,3,30,UNK,1
1985-10-21,1985,10,21,ESD,1
1985-11-17,1985,11,17,UNK,1
1986-01-30,1986,1,30,ESD,1
1986-02-21,1986,2,21,UNK,1
1986-02-24,1986,2,24,ESD,1
1986-03-05,1986,3,5,ESD,1
1986-04-02,1986,4,2,UNK,1
1986-04-13,1986,4,13,UNK,1
1987-09-04,1987,9,4,ESD,1
1987-09-09,1987,9,9,UNK,1
1987-10-15,1987,10,15,UNK,1
1988-06-07,1988,6,7,UNK,1
1989-01-22,1989,1,22,UNK,1
1989-04-17,1989,4,17,UNK,1
1989-04-19,1989,4,19,UNK,1
1982-11-11,1982,11,11,UNK,1
1983-04-09,1983,4,9,ESD,1
1983-05-06,1983,5,6,ESD,1
1983-06-16,1983,6,16,ESD,1
1983-07-28,1983,7,28,ESD,1
1983-10-11,1983,10,11,ESD,1
1983-10-19,1983,10,19,ESD,1
1983-10-25,1983,10,25,ESD,1
1983-10-31,1983,10,31,ESD,1
1983-11-03,1983,11,3,ESD,1
1983-11-10,1983,11,10,ESD,1
1983-12-09,1983,12,9,ESD,1
1983-12-12,1983,12,12,ESD,1
1983-12-13,1983,12,13,ESD,1
1983-12-26,1983,12,26,ESD,1
1984-03-02,1984,3,2,ESD,1
1984-03-03,1984,3,3,ESD,1
1984-03-07,1984,3,7,ESD,1
1984-03-23,1984,3,23,ESD,1
1984-03-29,1984,3,29,ESD,1
1984-03-31,1984,3,31,ESD,1
1984-04-02,1984,4,2,ESD,1
1984-04-03,1984,4,3,ESD,1
1984-04-28,1984,4,28,ESD,1
1984-04-29,1984,4,29,ESD,1
1984-05-23,1984,5,23,ESD,1
1984-06-05,1984,6,5,UNK,1
1984-06-18,1984,6,18,ESD,1
1984-07-15,1984,7,15,ESD,1
1984-07-17,1984,7,17,ESD,1
1984-08-05,1984,8,5,ESD,1
1984-09-11,1984,9,11,ESD,1
1984-09-24,1984,9,24,ESD,1
1984-09-27,1984,9,27,ESD,1
1984-10-07,1984,10,7,ESD,1
1984-10-09,1984,10,9,ESD,1
1984-10-10,1984,10,10,ESD,1
1984-10-11,1984,10,11,ESD,1
1984-10-12,1984,10,12,ESD,1
1984-10-13,1984,10,13,ESD,1
1984-10-14,1984,10,14,UNK,1
1984-10-17,1984,10,17,ESD,1
1984-10-22,1984,10,22,ESD,1
1984-10-23,1984,10,23,ESD,1
1984-10-24,1984,10,24,ESD,1
1984-10-25,1984,10,25,ESD,1
1984-11-02,1984,11,2,ESD,1
1984-11-07,1984,11,7,ESD,1
1984-11-19,1984,11,19,ESD,1
1984-11-24,1984,11,24,ESD,1
1984-11-26,1984,11,26,ESD,1
1984-12-04,1984,12,4,ESD,1
1984-12-05,1984,12,5,UNK,1
1984-12-06,1984,12,6,ESD,1
1984-12-13,1984,12,13,ESD,1
1984-12-17,1984,12,17,ESD,1
1985-01-10,1985,1,10,ESD,1
1985-01-13,1985,1,13,ESD,1
1985-01-21,1985,1,21,UNK,1
1985-01-23,1985,1,23,ESD,1
1985-01-26,1985,1,26,ESD,1
1985-01-29,1985,1,29,ESD,1
1985-01-31,1985,1,31,ESD,1
1985-02-01,1985,2,1,ESD,1
1985-02-07,1985,2,7,ESD,1
1985-02-09,1985,2,9,UNK,1
1985-02-12,1985,2,12,ESD,1
1985-02-13,1985,2,13,ESD,1
1985-02-14,1985,2,14,ESD,1
1985-02-17,1985,2,17,ESD,1
1985-02-18,1985,2,18,UNK,1
1985-02-27,1985,2,27,ESD,1
1985-02-28,1985,2,28,UNK,1
1985-03-02,1985,3,2,ESD,1
1985-03-06,1985,3,6,ESD,1
1985-03-10,1985,3,10,ESD,1
1985-04-03,1985,4,3,ESD,1
1985-04-09,1985,4,9,ESD,1
1985-04-28,1985,4,28,ESD,1
1985-06-15,1985,6,15,UNK,1
1985-07-07,1985,7,7,ESD,1
1985-07-13,1985,7,13,ESD,1
1985-07-21,1985,7,21,ESD,1
1985-09-18,1985,9,18,UNK,1
1985-09-26,1985,9,26,ESD,1
1985-09-27,1985,9,27,ESD,1
1985-12-07,1985,12,7,UNK,1
1985-12-09,1985,12,9,UNK,1
1985-12-16,1985,12,16,UNK,1
1985-12-20,1985,12,20,UNK,1
1985-12-21,1985,12,21,UNK,1
1986-01-03,1986,1,3,ESD,1
1986-01-21,1986,1,21,ESD,1
1986-01-25,1986,1,25,ESD,1
1986-02-04,1986,2,4,ESD,1
1986-02-07,1986,2,7,ESD,1
1986-02-09,1986,2,9,ESD,1
1986-02-11,1986,2,11,ESD,1
1986-02-12,1986,2,12,ESD,1
1986-02-15,1986,2,15,ESD,1
1986-03-04,1986,3,4,ESD,1
1986-03-07,1986,3,7,ESD,1
1986-03-10,1986,3,10,ESD,1
1986-03-15,1986,3,15,ESD,1
1986-03-22,1986,3,22,ESD,1
1986-03-26,1986,3,26,ESD,1
1986-03-29,1986,3,29,ESD,1
1986-08-23,1986,8,23,ESD,1
1986-08-24,1986,8,24,ESD,1
1986-09-19,1986,9,19,ESD,1
1986-09-23,1986,9,23,ESD,1
1987-01-10,1987,1,10,ESD,1
1987-02-23,1987,2,23,ESD,1
1987-03-09,1987,3,9,ESD,1
1987-08-14,1987,8,14,UNK,1
1987-09-02,1987,9,2,ESD,1
1987-09-12,1987,9,12,ESD,1
1987-09-14,1987,9,14,ESD,1
1987-09-19,1987,9,19,ESD,1
1987-09-29,1987,9,29,ESD,1
1987-09-30,1987,9,30,ESD,1
1987-10-02,1987,10,2,ESD,1
1987-10-20,1987,10,20,ESD,1
1987-10-28,1987,10,28,ESD,1
1987-11-26,1987,11,26,ESD,1
1987-11-28,1987,11,28,ESD,1
1988-01-03,1988,1,3,ESD,1
1988-01-05,1988,1,5,ESD,1
1988-02-19,1988,2,19,ESD,1
1988-02-26,1988,2,26,ESD,1
1988-03-15,1988,3,15,ESD,1
1988-03-20,1988,3,20,ESD,1
1988-05-24,1988,5,24,ESD,1
1988-06-23,1988,6,23,ESD,1
1988-07-03,1988,7,3,UNK,1
1988-08-11,1988,8,11,UNK,1
1988-09-13,1988,9,13,UNK,1
1988-09-25,1988,9,25,ESD,1
1988-12-04,1988,12,4,ESD,1
1988-12-19,1988,12,19,ESD,1
1988-12-20,1988,12,20,ESD,1
1988-12-24,1988,12,24,ESD,1
1988-12-31,1988,12,31,ESD,1
1989-01-12,1989,1,12,UNK,1
1989-01-24,1989,1,24,ESD,1
1989-01-25,1989,1,25,ESD,1
1989-01-26,1989,1,26,UNK,1
1989-02-10,1989,2,10,SDC,1
1989-02-15,1989,2,15,SDC,1
1989-02-21,1989,2,21,UNK,1
1989-03-04,1989,3,4,SDC,1
1989-03-08,1989,3,8,SDC,1
1989-03-11,1989,3,11,SDC,1
1989-03-16,1989,3,16,SDC,1
1989-04-04,1989,4,4,UNK,1
1989-04-12,1989,4,12,UNK,1
1982-08-26,1982,8,26,UNK,1
1982-09-24,1982,9,24,UNK,1
1983-03-27,1983,3,27,UNK,1
1983-08-19,1983,8,19,ESD,1
1984-01-06,1984,1,6,ESD,1
1984-03-14,1984,3,14,UNK,1
1984-04-16,1984,4,16,UNK,1
1985-04-20,1985,4,20,ESD,1
1985-08-30,1985,8,30,UNK,1
1986-09-30,1986,9,30,ESD,1
1988-03-31,1988,3,31,UNK,1
1984-11-27,1984,11,27,UNK,1
1986-10-07,1986,10,7,UNK,1
1986-10-24,1986,10,24,UNK,1
1986-10-27,1986,10,27,UNK,1
1986-11-04,1986,11,4,ESD,1
1987-03-02,1987,3,2,UNK,1
1987-03-14,1987,3,14,ESD,1
1988-09-09,1988,9,9,UNK,1
1988-12-02,1988,12,2,SDC,1
1994-01-20,1994,1,20,ECEMP,1
1994-01-21,1994,1,21,ECEMP,1
1981-06-19,1981,6,19,UNK,1
1985-03-15,1985,3,15,UNK,1
1985-05-07,1985,5,7,UNK,1
1986-06-01,1986,6,1,UNK,1
1985-06-27,1985,6,27,UNK,1
1985-07-01,1985,7,1,UNK,1
1987-11-09,1987,11,9,UNK,1
1967-04-06,1967,4,6,UNK,1
1968-08-10,1968,8,10,UNK,1
1969-08-12,1969,8,12,UNK,1
1985-08-27,1985,8,27,UNK,1
1985-11-11,1985,11,11,SEU,1
1986-01-31,1986,1,31,ESD,1
1986-09-27,1986,9,27,ESD,1
1986-09-28,1986,9,28,ESD,1
1986-10-01,1986,10,1,ESD,1
1987-07-18,1987,7,18,ESD,1
1987-08-17,1987,8,17,ESD,1
1988-02-17,1988,2,17,SEU,1
1988-06-20,1988,6,20,ESD,1
1988-07-15,1988,7,15,SEU,1
1988-08-08,1988,8,8,SEU,1
1988-08-18,1988,8,18,ESD,1
1988-08-20,1988,8,20,ESD,1
1988-08-26,1988,8,26,SEU,1
1988-09-15,1988,9,15,SEU,1
1989-06-25,1989,6,25,ESD,1
1986-05-07,1986,5,7,ESD,1
1986-05-10,1986,5,10,ESD,1
1986-06-02,1986,6,2,ESD,1
1986-07-28,1986,7,28,ESD,1
1986-08-01,1986,8,1,ESD,1
1986-08-07,1986,8,7,ESD,1
1986-08-30,1986,8,30,ESD,1
1986-08-31,1986,8,31,ESD,1
1986-10-20,1986,10,20,ESD,1
1987-01-25,1987,1,25,ESD,1
1987-05-20,1987,5,20,ESD,1
1987-08-05,1987,8,5,ESD,1
1987-08-16,1987,8,16,ESD,1
1987-08-29,1987,8,29,ESD,1
1987-09-13,1987,9,13,ESD,1
1987-12-02,1987,12,2,ESD,1
1988-03-12,1988,3,12,ESD,1
1988-04-09,1988,4,9,ESD,1
1988-07-02,1988,7,2,ESD,1
1988-07-12,1988,7,12,SEU,1
1988-07-20,1988,7,20,ESD,1
1988-09-28,1988,9,28,SEU,1
1988-11-23,1988,11,23,ESD,1
1989-03-24,1989,3,24,ESD,1
1989-04-09,1989,4,9,ESD,1
1990-05-29,1990,5,29,ESD,1
1990-09-24,1990,9,24,ESD,1
1990-10-18,1990,10,18,ESD,1
1987-10-01,1987,10,1,ESD,1
1988-02-25,1988,2,25,SEU,1
1988-07-26,1988,7,26,ESD,1
1988-08-17,1988,8,17,ESD,1
1988-09-08,1988,9,8,SEU,1
1989-01-01,1989,1,1,ESD,1
1989-04-20,1989,4,20,ESD,1
1989-05-02,1989,5,2,ESD,1
1989-05-28,1989,5,28,ESD,1
1989-06-19,1989,6,19,SEU,1
1989-08-31,1989,8,31,ESD,1
1990-09-15,1990,9,15,ESD,1
1990-10-20,1990,10,20,SEU,1
1990-10-27,1990,10,27,ESD,1
1986-04-18,1986,4,18,UNK,1
1985-03-16,1985,3,16,UNK,1
1987-05-09,1987,5,9,UNK,1
1987-10-21,1987,10,21,UNK,1
1989-08-13,1989,8,13,UNK,1
1989-09-29,1989,9,29,UNK,1
1989-10-19,1989,10,19,UNK,1
1986-03-28,1986,3,28,UNK,1
1988-01-22,1988,1,22,UNK,1
1990-06-28,1990,6,28,UNK,1
1985-03-23,1985,3,23,UNK,1
1985-03-28,1985,3,28,UNK,1
1985-05-03,1985,5,3,UNK,1
1985-08-01,1985,8,1,UNK,1
1986-02-23,1986,2,23,UNK,1
1994-02-22,1994,2,22,ESD,1
1988-10-24,1988,10,24,UNK,1
1988-03-11,1988,3,11,UNK,1
1989-08-16,1989,8,16,UNK,1
1980-09-01,1980,9,1,UNK,1
1980-10-01,1980,10,1,UNK,1
1981-05-01,1981,5,1,UNK,1
1981-08-01,1981,8,1,UNK,1
1983-03-01,1983,3,1,UNK,1
1983-06-01,1983,6,1,UNK,1
1984-03-01,1984,3,1,UNK,1
1984-12-01,1984,12,1,UNK,1
1991-03-26,1991,3,26,UNK,1
1991-03-28,1991,3,28,UNK,1
1991-03-30,1991,3,30,UNK,1
1991-05-17,1991,5,17,UNK,1
1991-05-30,1991,5,30,UNK,1
1991-07-31,1991,7,31,UNK,1
1991-10-03,1991,10,3,UNK,1
1991-10-12,1991,10,12,UNK,1
1991-02-01,1991,2,1,UNK,1
1983-01-11,1983,1,11,ECEMP,1
1983-02-22,1983,2,22,ECEMP,1
1984-10-18,1984,10,18,UNK,1
1984-11-12,1984,11,12,ESD,1
1985-01-07,1985,1,7,ECEMP,1
1985-07-05,1985,7,5,UNK,1
1985-09-04,1985,9,4,ESD,1
1986-09-24,1986,9,24,UNK,1
1986-12-10,1986,12,10,UNK,1
1986-12-16,1986,12,16,UNK,1
1986-12-30,1986,12,30,UNK,1
1987-08-10,1987,8,10,ESD,1
1985-11-19,1985,11,19,ESD,1
1985-12-08,1985,12,8,UNK,1
1985-12-13,1985,12,13,UNK,1
1986-05-30,1986,5,30,ESD,1
1989-01-21,1989,1,21,UNK,1
1991-08-06,1991,8,6,UNK,1
1987-02-11,1987,2,11,RFI,1
1987-02-12,1987,2,12,RFI,1
1987-02-13,1987,2,13,RFI,1
1987-02-14,1987,2,14,RFI,1
1987-02-15,1987,2,15,RFI,1
1987-02-16,1987,2,16,RFI,1
1987-02-17,1987,2,17,RFI,1
1984-01-31,1984,1,31,UNK,1
1980-01-26,1980,1,26,UNK,1
1981-09-09,1981,9,9,UNK,1
1981-02-19,1981,2,19,UNK,1
1981-01-21,1981,1,21,UNK,1
1973-12-24,1973,12,24,ESD,1
1973-12-25,1973,12,25,ESD,1
1973-12-29,1973,12,29,ESD,1
1974-01-02,1974,1,2,ESD,1
1974-01-12,1974,1,12,ESD,1
1974-01-19,1974,1,19,ESD,1
1974-01-27,1974,1,27,ESD,1
1974-01-30,1974,1,30,ESD,1
1974-02-01,1974,2,1,ESD,1
1974-02-12,1974,2,12,ESD,1
1974-02-17,1974,2,17,ESD,1
1974-04-07,1974,4,7,ESD,1
1974-04-09,1974,4,9,ESD,1
1974-04-10,1974,4,10,ESD,1
1973-12-22,1973,12,22,ESD,1
1974-01-03,1974,1,3,ESD,1
1974-01-11,1974,1,11,ESD,1
1974-01-26,1974,1,26,ESD,1
1974-04-25,1974,4,25,ESD,1
1974-06-27,1974,6,27,ESD,1
1974-07-18,1974,7,18,ESD,1
1974-07-20,1974,7,20,ESD,1
1974-07-27,1974,7,27,ESD,1
1974-08-17,1974,8,17,ESD,1
1974-08-18,1974,8,18,ESD,1
1974-08-24,1974,8,24,ESD,1
1974-09-03,1974,9,3,ESD,1
1974-09-20,1974,9,20,ESD,1
1974-09-23,1974,9,23,ESD,1
1974-09-26,1974,9,26,ESD,1
1974-10-01,1974,10,1,ESD,1
1974-10-02,1974,10,2,ESD,1
1974-10-07,1974,10,7,ESD,1
1974-10-11,1974,10,11,ESD,1
1974-10-12,1974,10,12,ESD,1
1974-10-14,1974,10,14,ESD,1
1974-10-18,1974,10,18,ESD,1
1974-10-19,1974,10,19,ESD,1
1974-10-22,1974,10,22,ESD,1
1974-10-23,1974,10,23,ESD,1
1974-10-24,1974,10,24,ESD,1
1974-11-03,1974,11,3,ESD,1
1974-11-04,1974,11,4,ESD,1
1974-11-08,1974,11,8,ESD,1
1974-11-09,1974,11,9,ESD,1
1974-11-10,1974,11,10,ESD,1
1974-11-16,1974,11,16,ESD,1
1974-11-17,1974,11,17,ESD,1
1974-11-18,1974,11,18,ESD,1
1974-11-20,1974,11,20,ESD,1
1974-11-22,1974,11,22,ESD,1
1974-11-24,1974,11,24,ESD,1
1974-11-25,1974,11,25,ESD,1
1974-11-27,1974,11,27,ESD,1
1974-12-01,1974,12,1,ESD,1
1974-12-10,1974,12,10,ESD,1
1974-12-14,1974,12,14,ESD,1
1974-12-15,1974,12,15,ESD,1
1975-01-06,1975,1,6,ESD,1
1975-03-12,1975,3,12,ESD,1
1975-03-14,1975,3,14,ESD,1
1975-03-31,1975,3,31,ESD,1
1975-10-05,1975,10,5,ESD,1
1975-10-10,1975,10,10,ESD,1
1975-10-12,1975,10,12,ESD,1
1975-11-06,1975,11,6,ESD,1
1975-11-09,1975,11,9,ESD,1
1987-01-09,1987,1,9,ECEMP,1
1986-11-28,1986,11,28,ECEMP,1
1986-12-29,1986,12,29,ECEMP,1
1987-03-08,1987,3,8,ECEMP,1
1987-07-06,1987,7,6,ECEMP,1
1986-11-29,1986,11,29,ECEMP,1
1986-12-23,1986,12,23,ECEMP,1
1987-01-14,1987,1,14,ECEMP,1
1987-01-16,1987,1,16,ECEMP,1
1987-04-09,1987,4,9,UNK,1
1987-04-14,1987,4,14,UNK,1
1987-04-15,1987,4,15,UNK,1
1987-04-16,1987,4,16,UNK,1
1979-02-06,1979,2,6,UNK,1
1983-07-11,1983,7,11,UNK,1
1984-06-16,1984,6,16,UNK,1
1984-06-17,1984,6,17,UNK,1
1984-08-27,1984,8,27,UNK,1
1984-09-23,1984,9,23,UNK,1
1984-10-06,1984,10,6,UNK,1
1985-07-08,1985,7,8,UNK,1
1986-11-30,1986,11,30,UNK,1
1980-02-01,1980,2,1,UNK,1
1984-08-04,1984,8,4,UNK,1
1984-08-17,1984,8,17,UNK,1
1984-08-20,1984,8,20,UNK,1
1984-08-23,1984,8,23,UNK,1
1986-01-02,1986,1,2,UNK,1
1985-09-12,1985,9,12,UNK,1
1986-11-14,1986,11,14,UNK,1
1993-10-07,1993,10,7,SEU,1
1987-03-03,1987,3,3,UNK,1
1987-05-10,1987,5,10,UNK,1
1987-06-12,1987,6,12,UNK,1
1987-06-20,1987,6,20,UNK,1
1987-07-27,1987,7,27,RFI,1
1987-07-29,1987,7,29,UNK,1
1981-01-01,1981,1,1,UNK,1
1981-03-01,1981,3,1,UNK,1
1981-11-01,1981,11,1,UNK,1
1981-08-06,1981,8,6,UNK,1
1988-10-15,1988,10,15,,1
1986-02-08,1986,2,8,UNK,1
1987-11-02,1987,11,2,UNK,1
1987-08-18,1987,8,18,ECEMP,1
1988-10-13,1988,10,13,UNK,1
1988-10-28,1988,10,28,UNK,1
1989-08-06,1989,8,6,UNK,1
1989-10-12,1989,10,12,UNK,1
1989-02-09,1989,2,9,UNK,1
1989-07-04,1989,7,4,UNK,1
1988-05-12,1988,5,12,UNK,1
1988-05-03,1988,5,3,UNK,1
1988-05-07,1988,5,7,UNK,1
1988-08-07,1988,8,7,UNK,1
1977-04-20,1977,4,20,UNK,1
1978-09-09,1978,9,9,UNK,1
1981-04-04,1981,4,4,UNK,1
1981-04-28,1981,4,28,UNK,1
1981-07-27,1981,7,27,UNK,1
1981-10-12,1981,10,12,UNK,1
1981-09-22,1981,9,22,UNK,1
1981-09-26,1981,9,26,UNK,1
1982-03-18,1982,3,18,UNK,1
1982-04-04,1982,4,4,SEU,1
1982-07-31,1982,7,31,UNK,1
1982-09-03,1982,9,3,SEU,1
1983-01-31,1983,1,31,UNK,1
1983-04-21,1983,4,21,SEU,1
1983-05-21,1983,5,21,UNK,1
1983-09-03,1983,9,3,UNK,1
1983-12-01,1983,12,1,UNK,1
1984-09-03,1984,9,3,SEU,1
1984-12-15,1984,12,15,ESD,1
1984-12-29,1984,12,29,ESD,1
1985-03-01,1985,3,1,SEU,1
1985-03-09,1985,3,9,ESD,1
1985-04-06,1985,4,6,ESD,1
1985-06-14,1985,6,14,ESD,1
1985-07-10,1985,7,10,ESD,1
1985-08-05,1985,8,5,SEU,1
1985-08-16,1985,8,16,UNK,1
1985-08-29,1985,8,29,UNK,1
1985-09-24,1985,9,24,UNK,1
1985-09-28,1985,9,28,UNK,1
1985-10-07,1985,10,7,UNK,1
1985-10-11,1985,10,11,UNK,1
1986-01-26,1986,1,26,UNK,1
1986-03-20,1986,3,20,UNK,1
1986-05-11,1986,5,11,UNK,1
1986-08-06,1986,8,6,UNK,1
1986-08-17,1986,8,17,UNK,1
1986-08-25,1986,8,25,UNK,1
1986-08-26,1986,8,26,UNK,1
1986-08-29,1986,8,29,UNK,1
1986-09-16,1986,9,16,UNK,1
1986-09-20,1986,9,20,UNK,1
1986-11-26,1986,11,26,UNK,1
1987-11-19,1987,11,19,UNK,1
1988-07-28,1988,7,28,UNK,1
1989-01-14,1989,1,14,UNK,1
1991-01-18,1991,1,18,ESD,1
1991-07-24,1991,7,24,ESD,1
1981-03-29,1981,3,29,ESD,1
1981-04-01,1981,4,1,ESD,1
1981-04-13,1981,4,13,ESD,1
1981-04-14,1981,4,14,ESD,1
1981-04-17,1981,4,17,ESD,1
1981-04-19,1981,4,19,ESD,1
1981-04-20,1981,4,20,ESD,1
1981-04-21,1981,4,21,ESD,1
1981-04-24,1981,4,24,ESD,1
1981-04-26,1981,4,26,ESD,1
1981-06-15,1981,6,15,SEU,1
1981-10-03,1981,10,3,ESD,1
1981-11-23,1981,11,23,ESD,1
1981-12-30,1981,12,30,ESD,1
1982-01-31,1982,1,31,ESD,1
1982-02-04,1982,2,4,ESD,1
1982-03-21,1982,3,21,ESD,1
1982-03-25,1982,3,25,ESD,1
1982-03-30,1982,3,30,ESD,1
1982-04-06,1982,4,6,SEU,1
1982-04-23,1982,4,23,ESD,1
1982-04-25,1982,4,25,ESD,1
1982-05-01,1982,5,1,ESD,1
1982-08-25,1982,8,25,ESD,1
1982-09-07,1982,9,7,ESD,1
1982-09-23,1982,9,23,ESD,1
1982-09-27,1982,9,27,ESD,1
1982-09-30,1982,9,30,ESD,1
1982-10-08,1982,10,8,ESD,1
1982-10-30,1982,10,30,ESD,1
1982-11-02,1982,11,2,ESD,1
1982-11-26,1982,11,26,UNK,1
1983-01-15,1983,1,15,ESD,1
1983-05-23,1983,5,23,SEU,1
1983-10-14,1983,10,14,SEU,1
1985-06-01,1985,6,1,SEU,1
1987-05-05,1987,5,5,SEU,1
1988-04-15,1988,4,15,SEU,1
1988-04-30,1988,4,30,SEU,1
1988-08-12,1988,8,12,SEU,1
1981-08-20,1981,8,20,ESD,1
1981-08-23,1981,8,23,ESD,1
1981-08-28,1981,8,28,ESD,1
1981-08-29,1981,8,29,ESD,1
1981-09-11,1981,9,11,ESD,1
1981-09-12,1981,9,12,ESD,1
1981-09-18,1981,9,18,SEU,1
1981-10-10,1981,10,10,ESD,1
1981-10-11,1981,10,11,ESD,1
1981-10-21,1981,10,21,ESD,1
1981-11-12,1981,11,12,ESD,1
1981-11-19,1981,11,19,ESD,1
1981-11-22,1981,11,22,ESD,1
1982-02-05,1982,2,5,ESD,1
1982-02-14,1982,2,14,ESD,1
1982-02-26,1982,2,26,ESD,1
1982-03-22,1982,3,22,ESD,1
1982-04-03,1982,4,3,ESD,1
1982-04-27,1982,4,27,SEU,1
1982-04-28,1982,4,28,ESD,1
1982-07-27,1982,7,27,SEU,1
1982-09-04,1982,9,4,ESD,1
1982-10-02,1982,10,2,ESD,1
1982-10-03,1982,10,3,ESD,1
1982-10-07,1982,10,7,ESD,1
1983-01-01,1983,1,1,SEU,1
1983-01-18,1983,1,18,ESD,1
1983-02-07,1983,2,7,ESD,1
1983-02-08,1983,2,8,ESD,1
1983-03-22,1983,3,22,ESD,1
1983-03-23,1983,3,23,UNK,1
1983-03-24,1983,3,24,ESD,1
1983-03-30,1983,3,30,ESD,1
1983-04-04,1983,4,4,ESD,1
1983-04-07,1983,4,7,ESD,1
1983-04-10,1983,4,10,ESD,1
1983-04-12,1983,4,12,SEU,1
1983-04-15,1983,4,15,ESD,1
1983-04-27,1983,4,27,ESD,1
1983-08-25,1983,8,25,ESD,1
1983-08-26,1983,8,26,ESD,1
1984-01-01,1984,1,1,ESD,1
1984-03-30,1984,3,30,ESD,1
1984-04-26,1984,4,26,SEU,1
1984-07-01,1984,7,1,UNK,1
1984-07-09,1984,7,9,SEU,1
1984-07-22,1984,7,22,UNK,1
1984-07-30,1984,7,30,UNK,1
1985-04-12,1985,4,12,SEU,1
1985-06-06,1985,6,6,SEU,1
1985-09-10,1985,9,10,SEU,1
1985-10-14,1985,10,14,SEU,1
1986-07-10,1986,7,10,SEU,1
1986-09-14,1986,9,14,SEU,1
1987-02-19,1987,2,19,UNK,1
1987-10-05,1987,10,5,UNK,1
1987-10-16,1987,10,16,UNK,1
1988-01-31,1988,1,31,UNK,1
1989-03-12,1989,3,12,SEU,1
1984-07-07,1984,7,7,SEU,1
1984-07-19,1984,7,19,SEU,1
1984-09-04,1984,9,4,SEU,1
1985-09-25,1985,9,25,SEU,1
1986-03-17,1986,3,17,ESD,1
1986-06-25,1986,6,25,SEU,1
1986-10-08,1986,10,8,SEU,1
1986-12-06,1986,12,6,SEU,1
1987-04-29,1987,4,29,SEU,1
1987-05-14,1987,5,14,SEU,1
1987-06-24,1987,6,24,UNK,1
1987-09-16,1987,9,16,UNK,1
1987-09-18,1987,9,18,UNK,1
1987-09-25,1987,9,25,UNK,1
1987-11-01,1987,11,1,UNK,1
1987-11-11,1987,11,11,UNK,1
1988-02-16,1988,2,16,UNK,1
1988-03-04,1988,3,4,UNK,1
1988-03-09,1988,3,9,UNK,1
1988-04-01,1988,4,1,UNK,1
1988-04-19,1988,4,19,SEU,1
1988-07-17,1988,7,17,SEU,1
1988-11-21,1988,11,21,ESD,1
1989-02-14,1989,2,14,SEU,1
1989-08-05,1989,8,5,SEU,1
1989-08-28,1989,8,28,UNK,1
1989-08-29,1989,8,29,UNK,1
1989-09-30,1989,9,30,SEU,1
1989-10-20,1989,10,20,SEU,1
1989-10-23,1989,10,23,SEU,1
1989-10-25,1989,10,25,SEU,1
1989-10-26,1989,10,26,SEU,1
1990-11-19,1990,11,19,SEU,1
1991-03-24,1991,3,24,SEU,1
1991-06-05,1991,6,5,SEU,1
1991-06-11,1991,6,11,SEU,1
1991-09-18,1991,9,18,SEU,1
1992-06-25,1992,6,25,SEU,1
1992-06-28,1992,6,28,SEU,1
1993-02-22,1993,2,22,SEU,1
1993-03-16,1993,3,16,UNK,1
1993-07-24,1993,7,24,UNK,1
1993-08-05,1993,8,5,SEU,1
1994-01-28,1994,1,28,UNK,1
1994-03-26,1994,3,26,SEU,1
1986-05-03,1986,5,3,UNK,1
1987-09-23,1987,9,23,ESD,1
1988-06-10,1988,6,10,SEU,1
1989-03-17,1989,3,17,ESD,1
1989-03-21,1989,3,21,ESD,1
1989-03-31,1989,3,31,ESD,1
1989-04-01,1989,4,1,ESD,1
1993-12-19,1993,12,19,SEU,1
1984-10-28,1984,10,28,UNK,1
1984-11-09,1984,11,9,UNK,1
1984-11-11,1984,11,11,UNK,1
1984-12-12,1984,12,12,UNK,1
1985-01-14,1985,1,14,UNK,1
1985-01-30,1985,1,30,UNK,1
1985-02-08,1985,2,8,UNK,1
1985-02-15,1985,2,15,UNK,1
1985-05-26,1985,5,26,UNK,1
1985-07-02,1985,7,2,UNK,1
1985-07-28,1985,7,28,UNK,1
1985-09-08,1985,9,8,UNK,1
1986-05-26,1986,5,26,UNK,1
1985-02-06,1985,2,6,UNK,1
1987-09-10,1987,9,10,UNK,1
1984-10-30,1984,10,30,UNK,1
1984-12-14,1984,12,14,UNK,1
1985-01-19,1985,1,19,UNK,1
1985-02-02,1985,2,2,UNK,1
1985-04-14,1985,4,14,UNK,1
1985-04-27,1985,4,27,UNK,1
1985-06-13,1985,6,13,UNK,1
1985-06-16,1985,6,16,UNK,1
1985-06-21,1985,6,21,UNK,1
1985-07-09,1985,7,9,UNK,1
1985-07-12,1985,7,12,UNK,1
1985-07-23,1985,7,23,UNK,1
1985-07-27,1985,7,27,UNK,1
1985-08-08,1985,8,8,UNK,1
1985-10-26,1985,10,26,UNK,1
1986-01-29,1986,1,29,UNK,1
1986-02-14,1986,2,14,UNK,1
1986-03-02,1986,3,2,UNK,1
1986-03-18,1986,3,18,UNK,1
1986-04-15,1986,4,15,UNK,1
1986-05-27,1986,5,27,UNK,1
1986-06-12,1986,6,12,UNK,1
1986-06-19,1986,6,19,UNK,1
1986-06-27,1986,6,27,UNK,1
1986-07-02,1986,7,2,UNK,1
1986-07-24,1986,7,24,UNK,1
1986-08-02,1986,8,2,UNK,1
1986-08-03,1986,8,3,UNK,1
1986-08-18,1986,8,18,UNK,1
1986-09-07,1986,9,7,UNK,1
1986-09-08,1986,9,8,UNK,1
1986-09-09,1986,9,9,UNK,1
1986-09-15,1986,9,15,UNK,1
1986-09-21,1986,9,21,UNK,1
1986-09-26,1986,9,26,UNK,1
1986-10-05,1986,10,5,UNK,1
1986-10-17,1986,10,17,UNK,1
1986-11-11,1986,11,11,UNK,1
1986-11-16,1986,11,16,UNK,1
1986-11-24,1986,11,24,UNK,1
1986-12-25,1986,12,25,UNK,1
1987-01-04,1987,1,4,UNK,1
1987-01-05,1987,1,5,UNK,1
1987-01-29,1987,1,29,UNK,1
1987-01-30,1987,1,30,UNK,1
1987-02-02,1987,2,2,UNK,1
1987-03-13,1987,3,13,UNK,1
1987-03-21,1987,3,21,UNK,1
1987-03-24,1987,3,24,UNK,1
1987-04-02,1987,4,2,UNK,1
1987-04-06,1987,4,6,UNK,1
1987-04-18,1987,4,18,UNK,1
1987-04-19,1987,4,19,UNK,1
1987-04-25,1987,4,25,UNK,1
1987-04-28,1987,4,28,UNK,1
1987-04-30,1987,4,30,UNK,1
1987-05-07,1987,5,7,UNK,1
1987-05-08,1987,5,8,UNK,1
1987-05-12,1987,5,12,UNK,1
1987-05-17,1987,5,17,UNK,1
1987-05-18,1987,5,18,UNK,1
1987-05-25,1987,5,25,UNK,1
1987-06-02,1987,6,2,UNK,1
1987-06-06,1987,6,6,UNK,1
1987-06-08,1987,6,8,UNK,1
1987-06-13,1987,6,13,UNK,1
1987-10-08,1987,10,8,UNK,1
1987-10-13,1987,10,13,UNK,1
1987-10-19,1987,10,19,UNK,1
1987-10-25,1987,10,25,UNK,1
1987-11-20,1987,11,20,UNK,1
1987-11-21,1987,11,21,UNK,1
1987-12-01,1987,12,1,UNK,1
1987-12-12,1987,12,12,UNK,1
1987-12-13,1987,12,13,UNK,1
1987-12-15,1987,12,15,UNK,1
1987-12-24,1987,12,24,UNK,1
1987-12-29,1987,12,29,UNK,1
1988-01-11,1988,1,11,UNK,1
1988-01-18,1988,1,18,UNK,1
1988-01-24,1988,1,24,UNK,1
1988-02-01,1988,2,1,UNK,1
1988-02-10,1988,2,10,UNK,1
1989-05-14,1989,5,14,UNK,1
1989-05-23,1989,5,23,UNK,1
1989-06-05,1989,6,5,UNK,1
1989-06-07,1989,6,7,UNK,1
1989-06-14,1989,6,14,UNK,1
1989-07-12,1989,7,12,UNK,1
1989-07-13,1989,7,13,UNK,1
1989-07-31,1989,7,31,UNK,1
1989-08-02,1989,8,2,UNK,1
1989-09-17,1989,9,17,UNK,1
1989-10-21,1989,10,21,UNK,1
1989-10-22,1989,10,22,UNK,1
1989-10-24,1989,10,24,UNK,1
1989-11-11,1989,11,11,UNK,1
1989-11-24,1989,11,24,UNK,1
1989-12-10,1989,12,10,UNK,1
1990-01-04,1990,1,4,UNK,1
1990-01-18,1990,1,18,UNK,1
1990-01-29,1990,1,29,UNK,1
1990-02-03,1990,2,3,UNK,1
1990-02-11,1990,2,11,UNK,1
1990-02-19,1990,2,19,UNK,1
1990-02-25,1990,2,25,UNK,1
1990-03-03,1990,3,3,UNK,1
1990-03-05,1990,3,5,UNK,1
1990-03-09,1990,3,9,UNK,1
1990-03-14,1990,3,14,UNK,1
1990-04-03,1990,4,3,UNK,1
1990-04-13,1990,4,13,UNK,1
1990-04-19,1990,4,19,UNK,1
1990-04-24,1990,4,24,UNK,1
1990-06-11,1990,6,11,UNK,1
1990-06-17,1990,6,17,UNK,1
1990-06-27,1990,6,27,UNK,1
1990-07-04,1990,7,4,UNK,1
1990-07-05,1990,7,5,UNK,1
1990-07-12,1990,7,12,UNK,1
1985-01-04,1985,1,4,UNK,1
1985-01-06,1985,1,6,UNK,1
1985-01-12,1985,1,12,UNK,1
1985-02-16,1985,2,16,UNK,1
1985-05-23,1985,5,23,UNK,1
1985-05-29,1985,5,29,UNK,1
1985-06-12,1985,6,12,UNK,1
1985-06-17,1985,6,17,UNK,1
1985-06-20,1985,6,20,UNK,1
1985-06-28,1985,6,28,UNK,1
1985-07-31,1985,7,31,UNK,1
1985-08-11,1985,8,11,UNK,1
1985-10-17,1985,10,17,UNK,1
1986-02-18,1986,2,18,UNK,1
1986-03-21,1986,3,21,UNK,1
1986-04-03,1986,4,3,UNK,1
1986-05-01,1986,5,1,UNK,1
1986-06-10,1986,6,10,UNK,1
1986-06-11,1986,6,11,UNK,1
1986-06-21,1986,6,21,UNK,1
1986-07-22,1986,7,22,UNK,1
1986-09-11,1986,9,11,UNK,1
1986-10-09,1986,10,9,UNK,1
1986-12-17,1986,12,17,UNK,1
1987-02-03,1987,2,3,UNK,1
1987-02-04,1987,2,4,UNK,1
1987-04-20,1987,4,20,UNK,1
1987-04-22,1987,4,22,UNK,1
1987-04-24,1987,4,24,UNK,1
1987-05-03,1987,5,3,UNK,1
1987-05-15,1987,5,15,UNK,1
1987-05-22,1987,5,22,UNK,1
1987-06-05,1987,6,5,UNK,1
1987-06-22,1987,6,22,UNK,1
1987-06-26,1987,6,26,UNK,1
1987-09-28,1987,9,28,UNK,1
1987-10-07,1987,10,7,UNK,1
1987-10-10,1987,10,10,UNK,1
1987-10-31,1987,10,31,UNK,1
1988-01-01,1988,1,1,UNK,1
1988-01-16,1988,1,16,UNK,1
1988-03-07,1988,3,7,UNK,1
1989-06-06,1989,6,6,UNK,1
1989-09-27,1989,9,27,UNK,1
1989-10-06,1989,10,6,UNK,1
1989-10-13,1989,10,13,UNK,1
1984-12-23,1984,12,23,UNK,1
1984-12-25,1984,12,25,UNK,1
1985-02-10,1985,2,10,UNK,1
1985-04-30,1985,4,30,UNK,1
1985-05-04,1985,5,4,UNK,1
1985-05-05,1985,5,5,UNK,1
1985-06-02,1985,6,2,UNK,1
1985-06-07,1985,6,7,UNK,1
1985-06-29,1985,6,29,UNK,1
1985-07-16,1985,7,16,UNK,1
1985-08-03,1985,8,3,UNK,1
1986-01-28,1986,1,28,UNK,1
1986-02-01,1986,2,1,UNK,1
1986-03-25,1986,3,25,UNK,1
1986-04-05,1986,4,5,UNK,1
1986-04-26,1986,4,26,UNK,1
1986-05-29,1986,5,29,UNK,1
1986-06-03,1986,6,3,UNK,1
1986-06-14,1986,6,14,UNK,1
1986-06-15,1986,6,15,UNK,1
1986-07-23,1986,7,23,UNK,1
1986-08-05,1986,8,5,UNK,1
1986-08-13,1986,8,13,UNK,1
1986-08-16,1986,8,16,UNK,1
1986-08-22,1986,8,22,UNK,1
1986-08-27,1986,8,27,UNK,1
1986-09-01,1986,9,1,UNK,1
1986-09-17,1986,9,17,UNK,1
1986-10-21,1986,10,21,UNK,1
1986-11-08,1986,11,8,UNK,1
1986-11-12,1986,11,12,UNK,1
1986-11-27,1986,11,27,UNK,1
1986-12-31,1986,12,31,UNK,1
1987-01-02,1987,1,2,UNK,1
1987-01-28,1987,1,28,UNK,1
1987-02-01,1987,2,1,UNK,1
1987-02-05,1987,2,5,UNK,1
1987-03-15,1987,3,15,UNK,1
1987-04-10,1987,4,10,UNK,1
1987-04-11,1987,4,11,UNK,1
1987-04-17,1987,4,17,UNK,1
1987-05-24,1987,5,24,UNK,1
1987-05-30,1987,5,30,UNK,1
1987-05-31,1987,5,31,UNK,1
1987-06-09,1987,6,9,UNK,1
1987-06-19,1987,6,19,UNK,1
1987-06-25,1987,6,25,UNK,1
1987-07-17,1987,7,17,ESD,1
1987-07-28,1987,7,28,UNK,1
1987-10-22,1987,10,22,UNK,1
1987-11-22,1987,11,22,UNK,1
1987-12-03,1987,12,3,UNK,1
1987-12-04,1987,12,4,UNK,1
1987-12-05,1987,12,5,UNK,1
1987-12-07,1987,12,7,UNK,1
1987-12-08,1987,12,8,UNK,1
1987-12-09,1987,12,9,UNK,1
1988-02-03,1988,2,3,UNK,1
1988-02-08,1988,2,8,UNK,1
1989-06-21,1989,6,21,UNK,1
1989-07-20,1989,7,20,UNK,1
1989-09-24,1989,9,24,UNK,1
1989-10-08,1989,10,8,UNK,1
1989-10-14,1989,10,14,UNK,1
1989-12-01,1989,12,1,UNK,1
1989-12-06,1989,12,6,UNK,1
1990-02-04,1990,2,4,UNK,1
1990-02-05,1990,2,5,UNK,1
1990-02-12,1990,2,12,UNK,1
1990-02-21,1990,2,21,UNK,1
1990-03-13,1990,3,13,UNK,1
1990-03-26,1990,3,26,UNK,1
1990-06-01,1990,6,1,UNK,1
1990-06-19,1990,6,19,UNK,1
1990-08-07,1990,8,7,UNK,1
1986-04-06,1986,4,6,UNK,1
1986-05-04,1986,5,4,UNK,1
1986-05-06,1986,5,6,UNK,1
1986-06-07,1986,6,7,UNK,1
1986-06-16,1986,6,16,UNK,1
1986-06-26,1986,6,26,UNK,1
1986-07-08,1986,7,8,UNK,1
1986-07-19,1986,7,19,UNK,1
1986-07-21,1986,7,21,UNK,1
1986-07-29,1986,7,29,UNK,1
1986-08-12,1986,8,12,UNK,1
1986-09-06,1986,9,6,UNK,1
1986-10-03,1986,10,3,UNK,1
1986-10-04,1986,10,4,UNK,1
1986-10-29,1986,10,29,UNK,1
1986-12-02,1986,12,2,UNK,1
1987-01-12,1987,1,12,UNK,1
1987-02-26,1987,2,26,UNK,1
1987-03-17,1987,3,17,UNK,1
1987-03-19,1987,3,19,UNK,1
1987-03-26,1987,3,26,UNK,1
1987-04-04,1987,4,4,UNK,1
1987-04-07,1987,4,7,UNK,1
1987-04-12,1987,4,12,UNK,1
1987-04-27,1987,4,27,UNK,1
1987-05-02,1987,5,2,UNK,1
1987-05-04,1987,5,4,UNK,1
1987-05-16,1987,5,16,UNK,1
1987-05-26,1987,5,26,UNK,1
1987-05-28,1987,5,28,UNK,1
1987-06-04,1987,6,4,UNK,1
1987-06-14,1987,6,14,UNK,1
1987-06-16,1987,6,16,UNK,1
1987-06-21,1987,6,21,UNK,1
1987-10-18,1987,10,18,UNK,1
1987-10-26,1987,10,26,UNK,1
1987-11-03,1987,11,3,UNK,1
1987-11-18,1987,11,18,UNK,1
1987-12-14,1987,12,14,UNK,1
1987-12-30,1987,12,30,UNK,1
1988-01-27,1988,1,27,UNK,1
1988-01-29,1988,1,29,UNK,1
1988-02-02,1988,2,2,UNK,1
1988-02-06,1988,2,6,UNK,1
1989-06-03,1989,6,3,UNK,1
1989-06-13,1989,6,13,UNK,1
1989-07-05,1989,7,5,UNK,1
1989-07-19,1989,7,19,UNK,1
1989-07-28,1989,7,28,UNK,1
1989-08-12,1989,8,12,UNK,1
1989-10-09,1989,10,9,UNK,1
1989-10-15,1989,10,15,UNK,1
1989-12-12,1989,12,12,UNK,1
1990-02-02,1990,2,2,UNK,1
1990-02-06,1990,2,6,UNK,1
1990-03-31,1990,3,31,UNK,1
1990-04-25,1990,4,25,UNK,1
1990-05-09,1990,5,9,UNK,1
1990-05-22,1990,5,22,UNK,1
1990-06-15,1990,6,15,UNK,1
1985-01-15,1985,1,15,UNK,1
1985-01-25,1985,1,25,UNK,1
1985-05-31,1985,5,31,UNK,1
1985-06-04,1985,6,4,UNK,1
1985-06-08,1985,6,8,UNK,1
1985-07-03,1985,7,3,UNK,1
1985-07-15,1985,7,15,UNK,1
1985-07-26,1985,7,26,UNK,1
1985-09-11,1985,9,11,UNK,1
1985-09-17,1985,9,17,UNK,1
1985-10-05,1985,10,5,UNK,1
1985-10-20,1985,10,20,UNK,1
1985-10-23,1985,10,23,UNK,1
1985-10-24,1985,10,24,UNK,1
1985-10-25,1985,10,25,UNK,1
1986-02-20,1986,2,20,UNK,1
1986-05-24,1986,5,24,UNK,1
1986-06-30,1986,6,30,UNK,1
1986-08-14,1986,8,14,UNK,1
1986-09-29,1986,9,29,UNK,1
1986-10-06,1986,10,6,UNK,1
1986-10-19,1986,10,19,UNK,1
1986-11-23,1986,11,23,UNK,1
1986-12-21,1986,12,21,UNK,1
1986-12-22,1986,12,22,UNK,1
1986-12-24,1986,12,24,UNK,1
1987-01-03,1987,1,3,UNK,1
1987-01-08,1987,1,8,UNK,1
1987-04-01,1987,4,1,UNK,1
1987-05-19,1987,5,19,UNK,1
1987-05-27,1987,5,27,UNK,1
1987-09-26,1987,9,26,UNK,1
1987-10-03,1987,10,3,UNK,1
1987-10-04,1987,10,4,UNK,1
1987-11-04,1987,11,4,UNK,1
1987-12-11,1987,12,11,UNK,1
1988-01-13,1988,1,13,UNK,1
1988-06-25,1988,6,25,UNK,1
1988-06-26,1988,6,26,UNK,1
1989-05-03,1989,5,3,UNK,1
1989-08-24,1989,8,24,UNK,1
1989-11-18,1989,11,18,UNK,1
1990-03-20,1990,3,20,UNK,1
1990-05-05,1990,5,5,UNK,1
1990-05-17,1990,5,17,UNK,1
1990-05-30,1990,5,30,UNK,1
1990-06-30,1990,6,30,UNK,1
1986-06-28,1986,6,28,UNK,1
1986-08-28,1986,8,28,UNK,1
1984-12-27,1984,12,27,UNK,1
1985-02-04,1985,2,4,UNK,1
1985-06-09,1985,6,9,UNK,1
1985-06-19,1985,6,19,UNK,1
1985-08-18,1985,8,18,UNK,1
1985-08-20,1985,8,20,UNK,1
1985-11-06,1985,11,6,UNK,1
1985-12-25,1985,12,25,UNK,1
1986-02-22,1986,2,22,UNK,1
1986-04-17,1986,4,17,UNK,1
1986-07-20,1986,7,20,UNK,1
1986-10-10,1986,10,10,UNK,1
1986-11-20,1986,11,20,UNK,1
1986-11-21,1986,11,21,UNK,1
1986-12-18,1986,12,18,UNK,1
1986-12-19,1986,12,19,UNK,1
1987-01-07,1987,1,7,UNK,1
1987-03-06,1987,3,6,UNK,1
1987-03-10,1987,3,10,UNK,1
1987-03-12,1987,3,12,UNK,1
1987-04-21,1987,4,21,UNK,1
1987-04-23,1987,4,23,UNK,1
1987-05-13,1987,5,13,UNK,1
1987-05-21,1987,5,21,UNK,1
1987-06-18,1987,6,18,UNK,1
1987-11-25,1987,11,25,UNK,1
1988-01-15,1988,1,15,UNK,1
1988-01-28,1988,1,28,UNK,1
1989-01-17,1989,1,17,UNK,1
1989-05-12,1989,5,12,UNK,1
1989-11-06,1989,11,6,UNK,1
1990-01-11,1990,1,11,UNK,1
1990-01-12,1990,1,12,UNK,1
1990-02-10,1990,2,10,UNK,1
1990-03-11,1990,3,11,UNK,1
1990-03-30,1990,3,30,UNK,1
1990-04-18,1990,4,18,UNK,1
1990-05-13,1990,5,13,UNK,1
1990-05-16,1990,5,16,UNK,1
1990-06-21,1990,6,21,UNK,1
1990-07-01,1990,7,1,UNK,1
1985-04-29,1985,4,29,UNK,1
1985-06-23,1985,6,23,UNK,1
1985-06-25,1985,6,25,UNK,1
1985-07-04,1985,7,4,UNK,1
1985-07-14,1985,7,14,UNK,1
1985-07-17,1985,7,17,UNK,1
1985-07-24,1985,7,24,UNK,1
1986-02-27,1986,2,27,UNK,1
1986-02-28,1986,2,28,UNK,1
1986-04-27,1986,4,27,UNK,1
1986-06-17,1986,6,17,UNK,1
1986-06-24,1986,6,24,UNK,1
1986-07-01,1986,7,1,UNK,1
1986-07-09,1986,7,9,UNK,1
1986-07-18,1986,7,18,UNK,1
1986-07-25,1986,7,25,UNK,1
1986-08-19,1986,8,19,UNK,1
1986-09-04,1986,9,4,UNK,1
1986-09-25,1986,9,25,UNK,1
1986-12-26,1986,12,26,UNK,1
1987-01-13,1987,1,13,UNK,1
1987-03-18,1987,3,18,UNK,1
1987-04-03,1987,4,3,UNK,1
1987-04-05,1987,4,5,UNK,1
1987-06-07,1987,6,7,UNK,1
1987-12-10,1987,12,10,UNK,1
1987-12-27,1987,12,27,UNK,1
1988-01-02,1988,1,2,UNK,1
1988-01-07,1988,1,7,UNK,1
1988-01-26,1988,1,26,UNK,1
1989-06-02,1989,6,2,UNK,1
1989-06-11,1989,6,11,UNK,1
1989-06-24,1989,6,24,UNK,1
1989-06-28,1989,6,28,UNK,1
1989-06-30,1989,6,30,UNK,1
1989-08-15,1989,8,15,UNK,1
1989-09-25,1989,9,25,UNK,1
1989-11-12,1989,11,12,UNK,1
1989-11-15,1989,11,15,UNK,1
1990-04-16,1990,4,16,UNK,1
1990-04-17,1990,4,17,UNK,1
1990-05-11,1990,5,11,UNK,1
1990-05-24,1990,5,24,UNK,1
1990-06-09,1990,6,9,UNK,1
1990-08-01,1990,8,1,UNK,1
1990-08-06,1990,8,6,UNK,1
1992-04-07,1992,4,7,UNK,1
1992-02-03,1992,2,3,UNK,1
1985-05-16,1985,5,16,UNK,1
1986-04-25,1986,4,25,UNK,1
1986-05-14,1986,5,14,UNK,1
1987-10-14,1987,10,14,UNK,1
1987-11-14,1987,11,14,UNK,1
1987-12-17,1987,12,17,UNK,1
1988-03-17,1988,3,17,UNK,1
1966-08-26,1966,8,26,UNK,1
1970-11-06,1970,11,6,UNK,1
1989-06-18,1989,6,18,UNK,1
1988-03-18,1988,3,18,UNK,1
1988-04-05,1988,4,5,UNK,1
1988-04-24,1988,4,24,UNK,1
1988-04-25,1988,4,25,UNK,1
1988-04-26,1988,4,26,UNK,1
1983-09-01,1983,9,1,UNK,1
1984-03-18,1984,3,18,SEU,1
1984-03-27,1984,3,27,SEU,1
1984-04-18,1984,4,18,SEU,1
1984-09-25,1984,9,25,SEU,1
1989-10-16,1989,10,16,ESD,1
1989-11-22,1989,11,22,SEU,1
1993-08-23,1993,8,23,SEU,1
1966-10-26,1966,10,26,UNK,1
1968-09-18,1968,9,18,UNK,1
1969-07-26,1969,7,26,UNK,1
1970-07-23,1970,7,23,UNK,1
1976-03-14,1976,3,14,UNK,1
1981-10-01,1981,10,1,UNK,1
1981-11-16,1981,11,16,SEU,1
1983-07-10,1983,7,10,UNK,1
1971-02-01,1971,2,1,UNK,1
1971-02-28,1971,2,28,SEU,1
1971-03-01,1971,3,1,UNK,1
1971-05-11,1971,5,11,SEU,1
1972-01-19,1972,1,19,SEU,1
1972-08-29,1972,8,29,UNK,1
1973-01-26,1973,1,26,SEU,1
1973-03-23,1973,3,23,UNK,1
1973-05-08,1973,5,8,SEU,1
1973-08-02,1973,8,2,UNK,1
1973-09-01,1973,9,1,SEU,1
1974-03-06,1974,3,6,UNK,1
1974-09-06,1974,9,6,SEU,1
1974-09-13,1974,9,13,UNK,1
1976-09-14,1976,9,14,UNK,1
1977-03-27,1977,3,27,SEU,1
1979-01-01,1979,1,1,SEU,1
1980-02-21,1980,2,21,SEU,1
1971-12-20,1971,12,20,UNK,1
1971-12-21,1971,12,21,UNK,1
1971-12-31,1971,12,31,UNK,1
1972-08-30,1972,8,30,UNK,1
1973-05-02,1973,5,2,SEU,1
1974-05-06,1974,5,6,UNK,1
1974-05-14,1974,5,14,SEU,1
1975-10-01,1975,10,1,SEU,1
1977-07-21,1977,7,21,SEU,1
1977-08-09,1977,8,9,SEU,1
1977-09-14,1977,9,14,UNK,1
1978-08-24,1978,8,24,UNK,1
1979-02-09,1979,2,9,UNK,1
1979-03-23,1979,3,23,UNK,1
1979-06-06,1979,6,6,UNK,1
1979-09-13,1979,9,13,UNK,1
1973-03-21,1973,3,21,UNK,1
1973-05-01,1973,5,1,UNK,1
1973-07-18,1973,7,18,UNK,1
1974-05-21,1974,5,21,SEU,1
1976-04-01,1976,4,1,UNK,1
1977-09-01,1977,9,1,SEU,1
1978-01-04,1978,1,4,SEU,1
1980-02-11,1980,2,11,UNK,1
1980-08-29,1980,8,29,SEU,1
1972-06-14,1972,6,14,UNK,1
1973-07-01,1973,7,1,UNK,1
1973-10-02,1973,10,2,SEU,1
1974-02-06,1974,2,6,UNK,1
1975-01-23,1975,1,23,SEU,1
1975-02-25,1975,2,25,UNK,1
1975-09-08,1975,9,8,UNK,1
1976-09-22,1976,9,22,UNK,1
1976-09-23,1976,9,23,UNK,1
1976-11-05,1976,11,5,SEU,1
1977-09-29,1977,9,29,UNK,1
1978-05-22,1978,5,22,UNK,1
1979-10-31,1979,10,31,SEU,1
1980-01-04,1980,1,4,UNK,1
1980-07-25,1980,7,25,UNK,1
1981-10-02,1981,10,2,SEU,1
1975-02-20,1975,2,20,UNK,1
1973-10-01,1973,10,1,UNK,1
1974-03-11,1974,3,11,SEU,1
1974-03-21,1974,3,21,SEU,1
1974-03-23,1974,3,23,UNK,1
1974-05-10,1974,5,10,SEU,1
1974-10-13,1974,10,13,SEU,1
1975-10-09,1975,10,9,SEU,1
1976-10-07,1976,10,7,UNK,1
1976-10-09,1976,10,9,UNK,1
1976-12-14,1976,12,14,UNK,1
1976-12-20,1976,12,20,UNK,1
1977-02-03,1977,2,3,SEU,1
1977-05-02,1977,5,2,SEU,1
1978-05-02,1978,5,2,SEU,1
1978-05-03,1978,5,3,SEU,1
1978-08-09,1978,8,9,UNK,1
1978-11-03,1978,11,3,UNK,1
1979-03-02,1979,3,2,UNK,1
1979-04-16,1979,4,16,SEU,1
1979-04-21,1979,4,21,UNK,1
1979-09-21,1979,9,21,UNK,1
1981-04-22,1981,4,22,SEU,1
1981-09-02,1981,9,2,SEU,1
1982-05-03,1982,5,3,UNK,1
1982-05-26,1982,5,26,SEU,1
1982-05-28,1982,5,28,UNK,1
1982-05-30,1982,5,30,SEU,1
1982-07-14,1982,7,14,SEU,1
1982-09-05,1982,9,5,SEU,1
1983-03-21,1983,3,21,SEU,1
1983-05-01,1983,5,1,SEU,1
1983-06-18,1983,6,18,SEU,1
1983-06-23,1983,6,23,SEU,1
1983-11-18,1983,11,18,SEU,1
1975-03-27,1975,3,27,SEU,1
1975-04-08,1975,4,8,SEU,1
1975-04-09,1975,4,9,SEU,1
1975-04-12,1975,4,12,SEU,1
1976-09-07,1976,9,7,UNK,1
1976-12-12,1976,12,12,UNK,1
1977-02-01,1977,2,1,UNK,1
1977-12-27,1977,12,27,UNK,1
1978-03-31,1978,3,31,SEU,1
1978-04-19,1978,4,19,UNK,1
1979-05-10,1979,5,10,UNK,1
1979-08-22,1979,8,22,UNK,1
1979-10-15,1979,10,15,SEU,1
1981-09-13,1981,9,13,SEU,1
1984-01-10,1984,1,10,UNK,1
1975-10-13,1975,10,13,SEU,1
1975-10-14,1975,10,14,SEU,1
1977-05-30,1977,5,30,UNK,1
1978-04-01,1978,4,1,UNK,1
1979-10-25,1979,10,25,UNK,1
1979-11-02,1979,11,2,UNK,1
1980-05-08,1980,5,8,UNK,1
1976-01-30,1976,1,30,UNK,1
1976-11-15,1976,11,15,SEU,1
1977-12-12,1977,12,12,UNK,1
1978-07-12,1978,7,12,SEU,1
1979-06-09,1979,6,9,UNK,1
1980-01-24,1980,1,24,UNK,1
1980-03-07,1980,3,7,UNK,1
1982-10-19,1982,10,19,UNK,1
1980-03-27,1980,3,27,UNK,1
1980-11-28,1980,11,28,UNK,1
1981-08-30,1981,8,30,UNK,1
1977-05-28,1977,5,28,UNK,1
1977-06-06,1977,6,6,UNK,1
1977-06-07,1977,6,7,UNK,1
1977-06-08,1977,6,8,UNK,1
1978-04-20,1978,4,20,UNK,1
1979-03-13,1979,3,13,UNK,1
1979-07-06,1979,7,6,UNK,1
1980-03-03,1980,3,3,UNK,1
1982-01-30,1982,1,30,UNK,1
1978-04-12,1978,4,12,UNK,1
1979-08-15,1979,8,15,SEU,1
1981-02-17,1981,2,17,SEU,1
1983-05-11,1983,5,11,UNK,1
1983-11-05,1983,11,5,SEU,1
1981-05-23,1981,5,23,UNK,1
1981-05-24,1981,5,24,SEU,1
1981-05-27,1981,5,27,UNK,1
1981-05-31,1981,5,31,UNK,1
1981-06-07,1981,6,7,UNK,1
1981-06-16,1981,6,16,UNK,1
1981-06-28,1981,6,28,ESD,1
1981-07-10,1981,7,10,UNK,1
1981-07-15,1981,7,15,ESD,1
1981-08-21,1981,8,21,ESD,1
1981-09-03,1981,9,3,UNK,1
1981-09-10,1981,9,10,UNK,1
1981-09-16,1981,9,16,UNK,1
1981-09-19,1981,9,19,ESD,1
1981-09-24,1981,9,24,UNK,1
1981-10-16,1981,10,16,UNK,1
1981-10-20,1981,10,20,UNK,1
1981-11-03,1981,11,3,ESD,1
1981-12-10,1981,12,10,SEU,1
1982-02-18,1982,2,18,SEU,1
1982-03-01,1982,3,1,SEU,1
1982-03-24,1982,3,24,ESD,1
1982-04-18,1982,4,18,ESD,1
1982-04-19,1982,4,19,ESD,1
1982-04-29,1982,4,29,ESD,1
1982-06-28,1982,6,28,ESD,1
1982-08-27,1982,8,27,UNK,1
1982-09-28,1982,9,28,ESD,1
1982-10-05,1982,10,5,ESD,1
1982-10-09,1982,10,9,ESD,1
1982-10-10,1982,10,10,SEU,1
1982-11-28,1982,11,28,UNK,1
1983-02-20,1983,2,20,UNK,1
1983-05-04,1983,5,4,UNK,1
1983-06-11,1983,6,11,UNK,1
1983-07-17,1983,7,17,ESD,1
1983-07-30,1983,7,30,UNK,1
1983-08-13,1983,8,13,UNK,1
1983-08-31,1983,8,31,UNK,1
1983-10-05,1983,10,5,UNK,1
1983-10-16,1983,10,16,UNK,1
1983-12-18,1983,12,18,UNK,1
1984-01-18,1984,1,18,UNK,1
1984-01-19,1984,1,19,UNK,1
1984-01-20,1984,1,20,UNK,1
1984-03-05,1984,3,5,UNK,1
1984-03-11,1984,3,11,UNK,1
1984-03-22,1984,3,22,UNK,1
1984-04-01,1984,4,1,UNK,1
1984-04-12,1984,4,12,UNK,1
1984-04-14,1984,4,14,UNK,1
1989-03-20,1989,3,20,UNK,1
1980-12-06,1980,12,6,UNK,1
1980-12-07,1980,12,7,UNK,1
1980-12-08,1980,12,8,SEU,1
1980-12-10,1980,12,10,UNK,1
1980-12-14,1980,12,14,ESD,1
1980-12-15,1980,12,15,ESD,1
1980-12-16,1980,12,16,ESD,1
1980-12-18,1980,12,18,SEU,1
1980-12-29,1980,12,29,UNK,1
1981-01-07,1981,1,7,UNK,1
1981-01-20,1981,1,20,UNK,1
1981-01-23,1981,1,23,SEU,1
1981-02-24,1981,2,24,SEU,1
1981-03-23,1981,3,23,SEU,1
1981-03-26,1981,3,26,UNK,1
1981-04-16,1981,4,16,UNK,1
1981-04-27,1981,4,27,SEU,1
1981-05-05,1981,5,5,ESD,1
1981-05-30,1981,5,30,ESD,1
1981-07-31,1981,7,31,UNK,1
1981-08-26,1981,8,26,SEU,1
1981-09-05,1981,9,5,UNK,1
1981-09-17,1981,9,17,UNK,1
1981-10-04,1981,10,4,UNK,1
1981-11-14,1981,11,14,SEU,1
1981-11-28,1981,11,28,UNK,1
1981-11-29,1981,11,29,UNK,1
1981-12-05,1981,12,5,SEU,1
1981-12-19,1981,12,19,UNK,1
1982-01-15,1982,1,15,UNK,1
1982-01-24,1982,1,24,UNK,1
1982-05-29,1982,5,29,SEU,1
1982-06-01,1982,6,1,SEU,1
1982-07-20,1982,7,20,UNK,1
1982-07-25,1982,7,25,SEU,1
1982-08-16,1982,8,16,UNK,1
1982-08-20,1982,8,20,UNK,1
1982-08-22,1982,8,22,UNK,1
1982-09-08,1982,9,8,UNK,1
1982-09-10,1982,9,10,UNK,1
1982-10-06,1982,10,6,UNK,1
1982-11-05,1982,11,5,UNK,1
1982-11-09,1982,11,9,UNK,1
1983-02-16,1983,2,16,SEU,1
1983-04-28,1983,4,28,UNK,1
1983-05-25,1983,5,25,UNK,1
1983-06-04,1983,6,4,UNK,1
1983-08-11,1983,8,11,UNK,1
1983-08-12,1983,8,12,UNK,1
1983-08-15,1983,8,15,UNK,1
1983-08-21,1983,8,21,UNK,1
1983-09-11,1983,9,11,UNK,1
1983-09-13,1983,9,13,UNK,1
1983-09-22,1983,9,22,ESD,1
1983-10-15,1983,10,15,UNK,1
1983-10-21,1983,10,21,UNK,1
1983-10-26,1983,10,26,UNK,1
1983-10-29,1983,10,29,UNK,1
1983-12-22,1983,12,22,UNK,1
1983-12-27,1983,12,27,UNK,1
1984-01-11,1984,1,11,SEU,1
1984-01-24,1984,1,24,UNK,1
1984-01-27,1984,1,27,UNK,1
1984-02-08,1984,2,8,ESD,1
1984-04-06,1984,4,6,UNK,1
1984-04-23,1984,4,23,UNK,1
1993-03-10,1993,3,10,SEU,1
1993-08-25,1993,8,25,ESD,1
1981-12-15,1981,12,15,UNK,1
1982-01-04,1982,1,4,UNK,1
1982-01-12,1982,1,12,SEU,1
1982-01-22,1982,1,22,UNK,1
1982-03-17,1982,3,17,ESD,1
1982-04-08,1982,4,8,ESD,1
1982-04-09,1982,4,9,ESD,1
1982-07-05,1982,7,5,UNK,1
1982-08-30,1982,8,30,UNK,1
1982-10-14,1982,10,14,UNK,1
1982-10-28,1982,10,28,UNK,1
1982-10-31,1982,10,31,UNK,1
1983-01-03,1983,1,3,UNK,1
1983-01-29,1983,1,29,UNK,1
1983-02-19,1983,2,19,UNK,1
1983-02-23,1983,2,23,UNK,1
1983-02-28,1983,2,28,UNK,1
1983-03-02,1983,3,2,UNK,1
1983-03-04,1983,3,4,UNK,1
1983-04-02,1983,4,2,UNK,1
1983-06-06,1983,6,6,UNK,1
1983-07-04,1983,7,4,UNK,1
1983-07-18,1983,7,18,UNK,1
1983-09-24,1983,9,24,UNK,1
1983-10-01,1983,10,1,UNK,1
1983-10-13,1983,10,13,UNK,1
1983-10-30,1983,10,30,UNK,1
1983-11-20,1983,11,20,UNK,1
1983-11-27,1983,11,27,UNK,1
1983-12-19,1983,12,19,UNK,1
1983-12-29,1983,12,29,UNK,1
1984-02-03,1984,2,3,UNK,1
1984-02-13,1984,2,13,UNK,1
1984-02-21,1984,2,21,UNK,1
1984-02-28,1984,2,28,UNK,1
1984-03-09,1984,3,9,UNK,1
1984-03-21,1984,3,21,UNK,1
1984-03-24,1984,3,24,UNK,1
1984-04-21,1984,4,21,UNK,1
1984-04-27,1984,4,27,UNK,1
1984-05-04,1984,5,4,UNK,1
1984-05-07,1984,5,7,UNK,1
1984-05-13,1984,5,13,UNK,1
1984-05-15,1984,5,15,UNK,1
1994-02-27,1994,2,27,ESD,1
1994-03-12,1994,3,12,ESD,1
1994-04-15,1994,4,15,ESD,1
1982-03-04,1982,3,4,UNK,1
1982-03-10,1982,3,10,SEU,1
1982-03-12,1982,3,12,UNK,1
1982-04-16,1982,4,16,UNK,1
1982-05-17,1982,5,17,UNK,1
1982-08-31,1982,8,31,UNK,1
1982-09-01,1982,9,1,UNK,1
1982-09-22,1982,9,22,ESD,1
1982-10-23,1982,10,23,UNK,1
1982-11-08,1982,11,8,UNK,1
1982-11-10,1982,11,10,UNK,1
1982-11-20,1982,11,20,UNK,1
1982-11-27,1982,11,27,UNK,1
1982-11-30,1982,11,30,UNK,1
1982-12-09,1982,12,9,UNK,1
1982-12-27,1982,12,27,UNK,1
1982-12-30,1982,12,30,UNK,1
1983-01-16,1983,1,16,UNK,1
1983-02-05,1983,2,5,UNK,1
1983-02-06,1983,2,6,UNK,1
1983-02-12,1983,2,12,UNK,1
1983-02-14,1983,2,14,UNK,1
1983-04-19,1983,4,19,UNK,1
1983-05-09,1983,5,9,UNK,1
1983-05-20,1983,5,20,UNK,1
1983-05-27,1983,5,27,UNK,1
1983-05-28,1983,5,28,UNK,1
1983-05-29,1983,5,29,UNK,1
1983-06-02,1983,6,2,UNK,1
1983-06-07,1983,6,7,UNK,1
1983-06-19,1983,6,19,UNK,1
1983-07-21,1983,7,21,UNK,1
1983-08-02,1983,8,2,UNK,1
1983-08-18,1983,8,18,UNK,1
1983-08-22,1983,8,22,UNK,1
1983-08-28,1983,8,28,UNK,1
1983-09-02,1983,9,2,UNK,1
1983-09-05,1983,9,5,UNK,1
1983-10-02,1983,10,2,UNK,1
1983-10-07,1983,10,7,UNK,1
1983-10-18,1983,10,18,UNK,1
1983-10-28,1983,10,28,UNK,1
1983-11-07,1983,11,7,UNK,1
1983-11-14,1983,11,14,UNK,1
1983-11-17,1983,11,17,UNK,1
1983-11-25,1983,11,25,UNK,1
1983-12-08,1983,12,8,UNK,1
1983-12-24,1983,12,24,UNK,1
1983-12-25,1983,12,25,UNK,1
1984-01-07,1984,1,7,UNK,1
1984-01-08,1984,1,8,UNK,1
1984-01-12,1984,1,12,UNK,1
1984-01-23,1984,1,23,UNK,1
1984-02-04,1984,2,4,UNK,1
1984-02-11,1984,2,11,UNK,1
1984-03-12,1984,3,12,UNK,1
1984-04-08,1984,4,8,UNK,1
1984-04-09,1984,4,9,UNK,1
1984-04-24,1984,4,24,UNK,1
1984-05-17,1984,5,17,UNK,1
1984-05-20,1984,5,20,UNK,1
1984-10-26,1984,10,26,UNK,1
1994-01-18,1994,1,18,ESD,1
1994-02-07,1994,2,7,ESD,1
1994-03-04,1994,3,4,ESD,1
1994-03-15,1994,3,15,ESD,1
1994-03-17,1994,3,17,ESD,1
1982-10-04,1982,10,4,UNK,1
1982-10-15,1982,10,15,UNK,1
1982-10-20,1982,10,20,UNK,1
1982-10-25,1982,10,25,UNK,1
1982-11-01,1982,11,1,SEU,1
1982-11-03,1982,11,3,SEU,1
1982-11-04,1982,11,4,SEU,1
1982-11-06,1982,11,6,SEU,1
1982-12-01,1982,12,1,SEU,1
1983-03-05,1983,3,5,UNK,1
1983-03-07,1983,3,7,UNK,1
1983-03-15,1983,3,15,UNK,1
1983-03-31,1983,3,31,UNK,1
1983-04-11,1983,4,11,UNK,1
1983-04-17,1983,4,17,UNK,1
1983-04-18,1983,4,18,UNK,1
1983-04-26,1983,4,26,UNK,1
1983-05-02,1983,5,2,UNK,1
1983-05-07,1983,5,7,UNK,1
1983-05-13,1983,5,13,UNK,1
1983-06-15,1983,6,15,UNK,1
1983-06-29,1983,6,29,UNK,1
1983-07-15,1983,7,15,UNK,1
1983-07-19,1983,7,19,UNK,1
1983-07-23,1983,7,23,UNK,1
1983-07-25,1983,7,25,SEU,1
1983-08-01,1983,8,1,UNK,1
1983-08-05,1983,8,5,UNK,1
1983-08-24,1983,8,24,UNK,1
1983-09-04,1983,9,4,UNK,1
1983-09-06,1983,9,6,UNK,1
1983-09-07,1983,9,7,UNK,1
1983-09-12,1983,9,12,UNK,1
1983-09-28,1983,9,28,UNK,1
1983-09-29,1983,9,29,UNK,1
1983-11-13,1983,11,13,UNK,1
1983-12-20,1983,12,20,UNK,1
1984-01-21,1984,1,21,UNK,1
1984-02-22,1984,2,22,ESD,1
1984-04-04,1984,4,4,UNK,1
1984-04-05,1984,4,5,SEU,1
1984-04-30,1984,4,30,UNK,1
1984-05-11,1984,5,11,UNK,1
1984-06-06,1984,6,6,ESD,1
1992-10-02,1992,10,2,SEU,1
1994-01-16,1994,1,16,ESD,1
1994-02-11,1994,2,11,ESD,1
1994-02-14,1994,2,14,ESD,1
1994-02-17,1994,2,17,ESD,1
1994-03-07,1994,3,7,ESD,1
1994-03-10,1994,3,10,ESD,1
1994-03-13,1994,3,13,ESD,1
1994-03-14,1994,3,14,ESD,1
1994-03-16,1994,3,16,ESD,1
1994-03-19,1994,3,19,ESD,1
1994-03-23,1994,3,23,ESD,1
1994-04-03,1994,4,3,ESD,1
1994-04-04,1994,4,4,ESD,1
1994-04-08,1994,4,8,ESD,1
1994-04-10,1994,4,10,ESD,1
1994-04-12,1994,4,12,ESD,1
1983-05-19,1983,5,19,UNK,1
1983-05-22,1983,5,22,UNK,1
1983-06-05,1983,6,5,ESD,1
1983-06-09,1983,6,9,UNK,1
1983-06-10,1983,6,10,ESD,1
1983-06-17,1983,6,17,SEU,1
1983-06-21,1983,6,21,UNK,1
1983-06-22,1983,6,22,UNK,1
1983-10-10,1983,10,10,UNK,1
1983-10-17,1983,10,17,UNK,1
1983-10-24,1983,10,24,UNK,1
1984-01-25,1984,1,25,UNK,1
1984-02-14,1984,2,14,UNK,1
1984-02-17,1984,2,17,UNK,1
1984-04-11,1984,4,11,UNK,1
1984-08-14,1984,8,14,SEU,1
1983-11-01,1983,11,1,UNK,1
1984-05-25,1984,5,25,ESD,1
1984-06-13,1984,6,13,UNK,1
1984-08-11,1984,8,11,UNK,1
1994-02-02,1994,2,2,ESD,1
1994-02-25,1994,2,25,ESD,1
1994-04-11,1994,4,11,ESD,1
1984-03-04,1984,3,4,UNK,1
1984-03-13,1984,3,13,SEU,1
1984-03-28,1984,3,28,UNK,1
1984-04-15,1984,4,15,SEU,1
1984-05-12,1984,5,12,SEU,1
1984-06-14,1984,6,14,SEU,1
1986-01-01,1986,1,1,UNK,1
1994-04-01,1994,4,1,ESD,1
1984-06-09,1984,6,9,UNK,1
1985-03-22,1985,3,22,UNK,1
1989-03-18,1989,3,18,UNK,1
1993-08-20,1993,8,20,ESD,1
1993-08-21,1993,8,21,ESD,1
1994-02-16,1994,2,16,ESD,1
1994-04-06,1994,4,6,ESD,1
1993-08-22,1993,8,22,ESD,1
1993-08-24,1993,8,24,ESD,1
1994-03-18,1994,3,18,ESD,1
1994-03-30,1994,3,30,ESD,1
1985-10-15,1985,10,15,UNK,1
1994-03-29,1994,3,29,ESD,1
1994-03-09,1994,3,9,ESD,1
1994-09-11,1994,9,11,UNK,1
1994-01-08,1994,1,8,ESD,1
1992-09-11,1992,9,11,UNK,1
1990-10-25,1990,10,25,UNK,1
1991-09-02,1991,9,2,UNK,1
1991-09-03,1991,9,3,UNK,1
1991-09-11,1991,9,11,UNK,1
1991-09-15,1991,9,15,UNK,1
1987-10-30,1987,10,30,UNK,1
1987-12-23,1987,12,23,UNK,1
1990-11-16,1990,11,16,UNK,1
1990-03-06,1990,3,6,UNK,1
1990-04-01,1990,4,1,UNK,1
1991-01-01,1991,1,1,UNK,1
1991-04-06,1991,4,6,UNK,1
1991-08-10,1991,8,10,UNK,1
1991-12-23,1991,12,23,UNK,1
1992-03-12,1992,3,12,UNK,1
1992-07-06,1992,7,6,UNK,1
1991-08-08,1991,8,8,UNK,1
1991-08-26,1991,8,26,UNK,1
1992-01-13,1992,1,13,UNK,1
1992-04-06,1992,4,6,UNK,1
1987-09-08,1987,9,8,UNK,1
1987-06-03,1987,6,3,UNK,1
1991-07-17,1991,7,17,UNK,1
1991-09-26,1991,9,26,UNK,1
1991-10-29,1991,10,29,UNK,1
1991-10-30,1991,10,30,UNK,1
1991-11-05,1991,11,5,UNK,1
1991-11-06,1991,11,6,UNK,1
1990-09-14,1990,9,14,UNK,1
1990-09-16,1990,9,16,UNK,1
1990-09-17,1990,9,17,UNK,1
1990-04-08,1990,4,8,UNK,1
1990-09-10,1990,9,10,UNK,1
1990-10-13,1990,10,13,UNK,1
1992-07-28,1992,7,28,UNK,1
1987-01-11,1987,1,11,UNK,1
1987-03-20,1987,3,20,UNK,1
1987-08-25,1987,8,25,UNK,1
1987-08-31,1987,8,31,UNK,1
1987-09-01,1987,9,1,UNK,1
1988-03-03,1988,3,3,UNK,1
1989-10-01,1989,10,1,UNK,1
1989-11-16,1989,11,16,UNK,1
1989-11-19,1989,11,19,UNK,1
1990-08-31,1990,8,31,UNK,1
1990-09-05,1990,9,5,UNK,1
1990-09-07,1990,9,7,UNK,1
1990-12-25,1990,12,25,UNK,1
1991-03-10,1991,3,10,UNK,1
1991-08-28,1991,8,28,UNK,1
1992-01-20,1992,1,20,UNK,1
1992-03-06,1992,3,6,UNK,1
1992-08-19,1992,8,19,UNK,1
1987-02-25,1987,2,25,UNK,1
1987-03-22,1987,3,22,UNK,1
1987-09-27,1987,9,27,UNK,1
1988-06-02,1988,6,2,UNK,1
1988-08-24,1988,8,24,UNK,1
1988-12-21,1988,12,21,UNK,1
1990-12-24,1990,12,24,UNK,1
1991-01-28,1991,1,28,UNK,1
1991-04-12,1991,4,12,UNK,1
1991-09-12,1991,9,12,UNK,1
1987-09-20,1987,9,20,UNK,1
1987-10-29,1987,10,29,UNK,1
1988-02-29,1988,2,29,UNK,1
1988-11-06,1988,11,6,UNK,1
1990-11-17,1990,11,17,UNK,1
1990-11-30,1990,11,30,UNK,1
1990-12-03,1990,12,3,UNK,1
1990-12-09,1990,12,9,UNK,1
1990-12-10,1990,12,10,UNK,1
1990-12-12,1990,12,12,UNK,1
1990-12-20,1990,12,20,UNK,1
1991-01-12,1991,1,12,UNK,1
1991-02-14,1991,2,14,UNK,1
1991-02-19,1991,2,19,UNK,1
1991-02-23,1991,2,23,UNK,1
1991-03-02,1991,3,2,UNK,1
1991-03-03,1991,3,3,UNK,1
1991-03-06,1991,3,6,UNK,1
1991-03-09,1991,3,9,UNK,1
1991-03-13,1991,3,13,UNK,1
1991-03-14,1991,3,14,UNK,1
1991-04-22,1991,4,22,UNK,1
1991-06-18,1991,6,18,UNK,1
1991-09-21,1991,9,21,UNK,1
1987-09-03,1987,9,3,UNK,1
1987-09-17,1987,9,17,UNK,1
1990-06-05,1990,6,5,UNK,1
1990-07-18,1990,7,18,UNK,1
1990-08-02,1990,8,2,UNK,1
1990-08-05,1990,8,5,UNK,1
1990-08-10,1990,8,10,UNK,1
1990-08-11,1990,8,11,UNK,1
1990-08-12,1990,8,12,UNK,1
1990-08-16,1990,8,16,UNK,1
1990-08-18,1990,8,18,UNK,1
1990-08-19,1990,8,19,UNK,1
1990-08-20,1990,8,20,UNK,1
1990-08-21,1990,8,21,UNK,1
1990-08-22,1990,8,22,UNK,1
1990-08-24,1990,8,24,UNK,1
1990-08-26,1990,8,26,UNK,1
1990-08-30,1990,8,30,UNK,1
1990-09-08,1990,9,8,UNK,1
1990-09-12,1990,9,12,UNK,1
1990-09-13,1990,9,13,UNK,1
1990-09-21,1990,9,21,UNK,1
1990-09-22,1990,9,22,UNK,1
1990-09-25,1990,9,25,UNK,1
1990-09-27,1990,9,27,UNK,1
1990-09-28,1990,9,28,UNK,1
1990-09-30,1990,9,30,UNK,1
1990-10-03,1990,10,3,UNK,1
1990-10-26,1990,10,26,UNK,1
1990-10-28,1990,10,28,UNK,1
1990-10-29,1990,10,29,UNK,1
1990-10-30,1990,10,30,UNK,1
1990-10-31,1990,10,31,UNK,1
1990-11-01,1990,11,1,UNK,1
1990-11-03,1990,11,3,UNK,1
1990-11-06,1990,11,6,UNK,1
1990-11-15,1990,11,15,UNK,1
1990-11-18,1990,11,18,UNK,1
1990-11-21,1990,11,21,UNK,1
1990-11-22,1990,11,22,UNK,1
1991-01-15,1991,1,15,UNK,1
1991-01-16,1991,1,16,UNK,1
1991-01-19,1991,1,19,UNK,1
1991-01-20,1991,1,20,UNK,1
1991-01-21,1991,1,21,UNK,1
1991-01-22,1991,1,22,UNK,1
1991-01-25,1991,1,25,UNK,1
1991-01-27,1991,1,27,UNK,1
1991-02-07,1991,2,7,UNK,1
1991-02-09,1991,2,9,UNK,1
1991-02-10,1991,2,10,UNK,1
1991-02-11,1991,2,11,UNK,1
1991-02-12,1991,2,12,UNK,1
1991-02-13,1991,2,13,UNK,1
1991-02-15,1991,2,15,UNK,1
1991-02-17,1991,2,17,UNK,1
1991-02-18,1991,2,18,UNK,1
1991-02-20,1991,2,20,UNK,1
1991-02-26,1991,2,26,UNK,1
1991-03-27,1991,3,27,UNK,1
1991-04-02,1991,4,2,UNK,1
1991-04-13,1991,4,13,UNK,1
1991-04-14,1991,4,14,UNK,1
1991-04-16,1991,4,16,UNK,1
1991-04-25,1991,4,25,UNK,1
1991-05-03,1991,5,3,UNK,1
1991-05-04,1991,5,4,UNK,1
1991-05-05,1991,5,5,UNK,1
1991-05-07,1991,5,7,UNK,1
1991-05-19,1991,5,19,UNK,1
1991-05-20,1991,5,20,UNK,1
1991-05-21,1991,5,21,UNK,1
1991-05-22,1991,5,22,UNK,1
1991-05-24,1991,5,24,UNK,1
1991-05-25,1991,5,25,UNK,1
1991-05-26,1991,5,26,UNK,1
1991-05-31,1991,5,31,UNK,1
1991-06-01,1991,6,1,UNK,1
1991-06-02,1991,6,2,UNK,1
1991-06-03,1991,6,3,UNK,1
1991-06-04,1991,6,4,UNK,1
1991-06-06,1991,6,6,UNK,1
1991-06-07,1991,6,7,UNK,1
1991-06-08,1991,6,8,UNK,1
1991-06-09,1991,6,9,UNK,1
1991-06-12,1991,6,12,UNK,1
1991-06-15,1991,6,15,UNK,1
1991-06-16,1991,6,16,UNK,1
1991-06-17,1991,6,17,UNK,1
1991-06-19,1991,6,19,UNK,1
1991-06-20,1991,6,20,UNK,1
1991-06-21,1991,6,21,UNK,1
1991-06-23,1991,6,23,UNK,1
1991-06-24,1991,6,24,UNK,1
1991-06-25,1991,6,25,UNK,1
1991-06-26,1991,6,26,UNK,1
1991-06-27,1991,6,27,UNK,1
1991-06-28,1991,6,28,UNK,1
1991-06-29,1991,6,29,UNK,1
1991-06-30,1991,6,30,UNK,1
1991-07-02,1991,7,2,UNK,1
1991-07-03,1991,7,3,UNK,1
1991-07-04,1991,7,4,UNK,1
1991-07-06,1991,7,6,UNK,1
1991-07-09,1991,7,9,UNK,1
1991-07-10,1991,7,10,UNK,1
1991-07-11,1991,7,11,UNK,1
1991-07-12,1991,7,12,UNK,1
1991-07-13,1991,7,13,UNK,1
1991-07-14,1991,7,14,UNK,1
1991-07-16,1991,7,16,UNK,1
1991-07-18,1991,7,18,UNK,1
1991-07-19,1991,7,19,UNK,1
1991-07-20,1991,7,20,UNK,1
1991-07-26,1991,7,26,UNK,1
1991-07-28,1991,7,28,UNK,1
1991-07-29,1991,7,29,UNK,1
1991-08-01,1991,8,1,UNK,1
1991-08-05,1991,8,5,UNK,1
1991-08-07,1991,8,7,UNK,1
1991-08-09,1991,8,9,UNK,1
1988-02-28,1988,2,28,UNK,1
1988-10-29,1988,10,29,UNK,1
1989-10-30,1989,10,30,UNK,1
1987-09-11,1987,9,11,UNK,1
1989-09-05,1989,9,5,UNK,1
1989-09-10,1989,9,10,UNK,1
1989-09-11,1989,9,11,UNK,1
1990-08-17,1990,8,17,UNK,1
1990-10-05,1990,10,5,UNK,1
1990-10-14,1990,10,14,UNK,1
1991-03-19,1991,3,19,UNK,1
1992-05-17,1992,5,17,UNK,1
1992-08-23,1992,8,23,UNK,1
1992-09-08,1992,9,8,UNK,1
1992-09-30,1992,9,30,UNK,1
1992-10-03,1992,10,3,UNK,1
1988-02-22,1988,2,22,UNK,1
1989-01-23,1989,1,23,UNK,1
1989-11-07,1989,11,7,UNK,1
1990-02-07,1990,2,7,UNK,1
1990-03-02,1990,3,2,UNK,1
1990-10-17,1990,10,17,UNK,1
1990-10-19,1990,10,19,UNK,1
1991-10-01,1991,10,1,UNK,1
1991-10-23,1991,10,23,UNK,1
1991-12-15,1991,12,15,UNK,1
1992-01-06,1992,1,6,UNK,1
1992-09-21,1992,9,21,UNK,1
1992-10-04,1992,10,4,UNK,1
1989-04-05,1989,4,5,UNK,1
1989-04-13,1989,4,13,UNK,1
1989-05-18,1989,5,18,UNK,1
1990-03-23,1990,3,23,UNK,1
1976-02-29,1976,2,29,UNK,1
1985-08-28,1985,8,28,UNK,1
1986-11-01,1986,11,1,UNK,1
1982-01-27,1982,1,27,ESD,1
1982-02-01,1982,2,1,UNK,1
1982-02-02,1982,2,2,ESD,1
1982-02-10,1982,2,10,ESD,1
1982-02-11,1982,2,11,ESD,1
1982-02-13,1982,2,13,ESD,1
1982-02-19,1982,2,19,ESD,1
1982-02-20,1982,2,20,ESD,1
1982-02-22,1982,2,22,ESD,1
1982-02-24,1982,2,24,ESD,1
1982-02-25,1982,2,25,ESD,1
1982-02-27,1982,2,27,ESD,1
1982-03-02,1982,3,2,ESD,1
1985-09-02,1985,9,2,UNK,1
1986-03-03,1986,3,3,ESD,1
1986-03-09,1986,3,9,ESD,1
1986-03-12,1986,3,12,ESD,1
1986-03-27,1986,3,27,ESD,1
1986-04-10,1986,4,10,ESD,1
1986-05-02,1986,5,2,ESD,1
1986-05-05,1986,5,5,ESD,1
1986-07-04,1986,7,4,ESD,1
1986-07-27,1986,7,27,ESD,1
1986-07-30,1986,7,30,ESD,1
1986-08-21,1986,8,21,ESD,1
1986-09-12,1986,9,12,ESD,1
1986-10-02,1986,10,2,ESD,1
1986-10-15,1986,10,15,ESD,1
1986-10-18,1986,10,18,ESD,1
1986-11-25,1986,11,25,ESD,1
1989-03-03,1989,3,3,ESD,1
1989-03-29,1989,3,29,ESD,1
1982-09-09,1982,9,9,UNK,1
1977-05-04,1977,5,4,ESD,1
1977-12-13,1977,12,13,ESD,1
1977-12-14,1977,12,14,ESD,1
1978-01-06,1978,1,6,ESD,1
1978-01-10,1978,1,10,ESD,1
1978-01-14,1978,1,14,ESD,1
1978-01-15,1978,1,15,ESD,1
1978-02-04,1978,2,4,ESD,1
1978-02-10,1978,2,10,ESD,1
1978-02-27,1978,2,27,ESD,1
1978-03-02,1978,3,2,ESD,1
1978-03-04,1978,3,4,ESD,1
1978-03-17,1978,3,17,ESD,1
1978-03-18,1978,3,18,ESD,1
1978-03-19,1978,3,19,ESD,1
1978-03-20,1978,3,20,ESD,1
1978-03-22,1978,3,22,ESD,1
1978-03-28,1978,3,28,ESD,1
1978-03-29,1978,3,29,ESD,1
1978-04-03,1978,4,3,ESD,1
1978-04-15,1978,4,15,ESD,1
1978-04-23,1978,4,23,ESD,1
1978-05-01,1978,5,1,ESD,1
1978-05-04,1978,5,4,ESD,1
1978-05-05,1978,5,5,ESD,1
1978-05-06,1978,5,6,ESD,1
1978-05-10,1978,5,10,ESD,1
1978-05-11,1978,5,11,ESD,1
1978-05-14,1978,5,14,ESD,1
1978-05-24,1978,5,24,ESD,1
1978-05-26,1978,5,26,ESD,1
1978-06-05,1978,6,5,ESD,1
1978-06-07,1978,6,7,ESD,1
1978-06-10,1978,6,10,ESD,1
1978-06-12,1978,6,12,ESD,1
1978-06-17,1978,6,17,ESD,1
1978-06-21,1978,6,21,ESD,1
1978-06-22,1978,6,22,ESD,1
1978-06-24,1978,6,24,ESD,1
1978-06-25,1978,6,25,ESD,1
1978-07-05,1978,7,5,ESD,1
1978-07-08,1978,7,8,ESD,1
1978-07-19,1978,7,19,ESD,1
1978-08-07,1978,8,7,ESD,1
1978-08-12,1978,8,12,ESD,1
1978-08-20,1978,8,20,ESD,1
1978-08-29,1978,8,29,ESD,1
1978-08-30,1978,8,30,ESD,1
1978-08-31,1978,8,31,ESD,1
1978-09-03,1978,9,3,ESD,1
1978-09-05,1978,9,5,ESD,1
1978-09-13,1978,9,13,ESD,1
1978-09-14,1978,9,14,ESD,1
1978-09-27,1978,9,27,ESD,1
1978-09-30,1978,9,30,ESD,1
1978-10-01,1978,10,1,ESD,1
1978-10-06,1978,10,6,ESD,1
1978-10-21,1978,10,21,ESD,1
1978-10-30,1978,10,30,ESD,1
1978-11-08,1978,11,8,ESD,1
1978-11-15,1978,11,15,ESD,1
1978-11-25,1978,11,25,ESD,1
1978-12-20,1978,12,20,ESD,1
1978-12-26,1978,12,26,ESD,1
1978-12-27,1978,12,27,ESD,1
1979-01-03,1979,1,3,ESD,1
1981-09-08,1981,9,8,ESD,1
1981-09-29,1981,9,29,ESD,1
1981-11-24,1981,11,24,ESD,1
1982-02-17,1982,2,17,ESD,1
1982-03-15,1982,3,15,ESD,1
1982-03-27,1982,3,27,ESD,1
1982-04-11,1982,4,11,ESD,1
1982-04-14,1982,4,14,ESD,1
1982-06-05,1982,6,5,ESD,1
1982-06-15,1982,6,15,ESD,1
1982-07-02,1982,7,2,ESD,1
1982-07-24,1982,7,24,ESD,1
1982-08-10,1982,8,10,ESD,1
1982-09-25,1982,9,25,ESD,1
1983-01-04,1983,1,4,,1
1983-03-08,1983,3,8,ESD,1
1983-03-12,1983,3,12,ESD,1
1983-03-20,1983,3,20,ESD,1
1983-04-30,1983,4,30,ESD,1
1983-08-23,1983,8,23,ESD,1
1983-09-17,1983,9,17,ESD,1
1983-10-27,1983,10,27,ESD,1
1984-04-07,1984,4,7,ESD,1
1984-04-20,1984,4,20,ESD,1
1984-05-02,1984,5,2,ESD,1
1984-05-28,1984,5,28,ESD,1
1984-06-20,1984,6,20,ESD,1
1984-06-24,1984,6,24,ESD,1
1984-07-16,1984,7,16,ESD,1
1984-07-26,1984,7,26,ESD,1
1984-08-03,1984,8,3,ESD,1
1984-09-05,1984,9,5,ESD,1
1984-10-04,1984,10,4,ESD,1
1984-10-08,1984,10,8,ESD,1
1984-10-21,1984,10,21,ESD,1
1984-10-27,1984,10,27,ESD,1
1984-11-13,1984,11,13,ESD,1
1984-11-16,1984,11,16,ESD,1
1985-01-28,1985,1,28,ESD,1
1985-04-08,1985,4,8,ESD,1
1985-04-24,1985,4,24,ESD,1
1985-05-10,1985,5,10,ESD,1
1985-08-10,1985,8,10,ESD,1
1985-08-14,1985,8,14,ESD,1
1985-08-31,1985,8,31,ESD,1
1985-09-15,1985,9,15,ESD,1
1986-08-10,1986,8,10,ESD,1
1986-10-22,1986,10,22,ESD,1
1989-03-07,1989,3,7,ESD,1
1989-03-13,1989,3,13,ESD,1
1989-03-22,1989,3,22,ESD,1
1989-03-30,1989,3,30,ESD,1
1985-11-27,1985,11,27,UNK,1
1979-06-27,1979,6,27,UNK,1
1983-05-08,1983,5,8,UNK,1
1986-11-06,1986,11,6,UNK,1
1984-06-12,1984,6,12,UNK,1
1984-09-10,1984,9,10,UNK,1
1985-12-30,1985,12,30,UNK,1
1990-01-15,1990,1,15,UNK,1
1989-03-10,1989,3,10,UNK,1
1989-03-14,1989,3,14,UNK,1
1989-05-22,1989,5,22,UNK,1
1988-09-27,1988,9,27,UNK,1
1989-01-27,1989,1,27,UNK,1
1989-08-07,1989,8,7,UNK,1
1989-09-19,1989,9,19,UNK,1
1990-05-25,1990,5,25,UNK,1
1990-07-19,1990,7,19,UNK,1
1990-07-20,1990,7,20,UNK,1
1990-07-28,1990,7,28,UNK,1
1990-07-30,1990,7,30,UNK,1
1990-07-31,1990,7,31,UNK,1
1990-08-13,1990,8,13,UNK,1
1990-08-15,1990,8,15,UNK,1
1990-08-27,1990,8,27,UNK,1
1991-08-31,1991,8,31,UNK,1
1991-09-04,1991,9,4,UNK,1
1977-09-13,1977,9,13,UNK,1
1984-02-06,1984,2,6,UNK,1
1978-07-18,1978,7,18,SEU,1
1978-08-02,1978,8,2,SEU,1
1978-08-25,1978,8,25,SEU,1
1978-09-11,1978,9,11,SEU,1
1978-09-18,1978,9,18,SEU,1
1978-09-26,1978,9,26,SEU,1
1978-10-09,1978,10,9,SEU,1
1978-10-17,1978,10,17,SEU,1
1978-11-26,1978,11,26,SEU,1
1978-11-28,1978,11,28,SEU,1
1979-01-10,1979,1,10,SEU,1
1979-01-13,1979,1,13,SEU,1
1979-03-03,1979,3,3,SEU,1
1979-03-14,1979,3,14,SEU,1
1979-04-01,1979,4,1,SEU,1
1979-04-15,1979,4,15,SEU,1
1979-04-20,1979,4,20,SEU,1
1979-06-10,1979,6,10,SEU,1
1979-07-10,1979,7,10,SEU,1
1979-08-08,1979,8,8,SEU,1
1979-08-30,1979,8,30,SEU,1
1979-10-06,1979,10,6,SEU,1
1979-11-12,1979,11,12,SEU,1
1979-11-15,1979,11,15,SEU,1
1980-01-01,1980,1,1,SEU,1
1980-02-14,1980,2,14,SEU,1
1980-05-06,1980,5,6,SEU,1
1980-05-30,1980,5,30,SEU,1
1980-09-27,1980,9,27,SEU,1
1981-09-23,1981,9,23,SEU,1
1981-11-06,1981,11,6,SEU,1
1981-11-27,1981,11,27,SEU,1
1981-12-07,1981,12,7,SEU,1
1981-12-24,1981,12,24,SEU,1
1982-04-24,1982,4,24,SEU,1
1982-08-06,1982,8,6,SEU,1
1982-08-18,1982,8,18,SEU,1
1982-09-18,1982,9,18,SEU,1
1982-10-01,1982,10,1,SEU,1
1982-10-17,1982,10,17,SEU,1
1982-10-29,1982,10,29,SEU,1
1982-12-03,1982,12,3,SEU,1
1982-12-23,1982,12,23,SEU,1
1983-03-17,1983,3,17,SEU,1
1984-01-29,1984,1,29,SEU,1
1984-02-02,1984,2,2,SEU,1
1984-05-19,1984,5,19,SEU,1
1984-08-09,1984,8,9,SEU,1
1984-11-30,1984,11,30,SEU,1
1985-04-21,1985,4,21,SEU,1
1985-05-20,1985,5,20,SEU,1
1985-06-30,1985,6,30,SEU,1
1975-12-13,1975,12,13,UNK,1
1977-03-01,1977,3,1,UNK,1
1980-03-01,1980,3,1,UNK,1
1980-04-08,1980,4,8,UNK,1
1980-07-08,1980,7,8,UNK,1
1980-07-21,1980,7,21,UNK,1
1980-08-13,1980,8,13,UNK,1
1980-08-20,1980,8,20,UNK,1
1980-08-21,1980,8,21,UNK,1
1983-07-06,1983,7,6,UNK,1
1984-10-16,1984,10,16,UNK,1
1985-04-16,1985,4,16,UNK,1
1976-03-26,1976,3,26,UNK,1
1979-09-01,1979,9,1,UNK,1
1983-04-01,1983,4,1,UNK,1
1983-09-08,1983,9,8,UNK,1
1985-04-01,1985,4,1,UNK,1
1979-12-01,1979,12,1,UNK,1
1982-04-13,1982,4,13,UNK,1
1985-04-02,1985,4,2,UNK,1
1986-02-19,1986,2,19,UNK,1
1982-01-16,1982,1,16,UNK,1
1991-04-01,1991,4,1,UNK,1
1991-07-08,1991,7,8,UNK,1
1991-08-03,1991,8,3,UNK,1
1991-08-22,1991,8,22,UNK,1
1991-09-14,1991,9,14,UNK,1
1991-09-28,1991,9,28,UNK,1
1991-09-30,1991,9,30,UNK,1
1991-10-02,1991,10,2,UNK,1
1991-10-04,1991,10,4,UNK,1
1991-10-25,1991,10,25,UNK,1
1991-10-26,1991,10,26,UNK,1
1991-10-27,1991,10,27,UNK,1
1991-10-28,1991,10,28,UNK,1
1991-10-31,1991,10,31,UNK,1
1989-05-26,1989,5,26,UNK,1
1988-02-24,1988,2,24,UNK,1
1981-06-01,1981,6,1,UNK,1
1981-07-01,1981,7,1,UNK,1
1984-11-01,1984,11,1,UNK,1
1985-01-17,1985,1,17,UNK,1
1985-09-01,1985,9,1,UNK,1
1985-01-01,1985,1,1,UNK,1
1985-01-24,1985,1,24,UNK,1
1990-03-15,1990,3,15,UNK,1
1981-01-05,1981,1,5,UNK,1
1981-02-13,1981,2,13,ESD,1
1981-06-11,1981,6,11,UNK,1
1981-11-18,1981,11,18,ESD,1
1982-06-11,1982,6,11,ESD,1
1982-06-27,1982,6,27,ESD,1
1983-09-21,1983,9,21,ESD,1
1983-11-06,1983,11,6,SEU,1
1983-11-21,1983,11,21,SEU,1
1983-11-23,1983,11,23,SEU,1
1983-12-07,1983,12,7,ESD,1
1983-12-17,1983,12,17,SEU,1
1984-02-10,1984,2,10,SEU,1
1984-03-20,1984,3,20,ESD,1
1984-04-22,1984,4,22,ESD,1
1984-07-20,1984,7,20,SEU,1
1984-11-21,1984,11,21,SEU,1
1984-11-25,1984,11,25,SEU,1
1984-12-18,1984,12,18,SEU,1
1985-10-02,1985,10,2,ESD,1
1985-10-09,1985,10,9,ESD,1
1985-12-03,1985,12,3,SEU,1
1986-02-26,1986,2,26,SEU,1
1986-03-01,1986,3,1,SEU,1
1986-08-09,1986,8,9,SEU,1
1986-09-02,1986,9,2,SEU,1
1986-09-03,1986,9,3,SEU,1
1987-02-24,1987,2,24,SEU,1
1987-09-21,1987,9,21,ESD,1
1987-09-24,1987,9,24,ESD,1
1987-11-15,1987,11,15,SEU,1
1987-11-27,1987,11,27,ESD,1
1987-12-18,1987,12,18,ESD,1
1988-01-14,1988,1,14,SEU,1
1988-01-20,1988,1,20,SEU,1
1988-02-05,1988,2,5,ESD,1
1984-02-25,1984,2,25,UNK,1
1984-11-17,1984,11,17,SEU,1
1985-01-05,1985,1,5,SEU,1
1985-01-22,1985,1,22,SEU,1
1985-11-21,1985,11,21,SEU,1
1985-12-04,1985,12,4,SEU,1
1986-12-28,1986,12,28,SEU,1
1987-12-19,1987,12,19,UNK,1
1987-12-25,1987,12,25,UNK,1
1988-05-01,1988,5,1,SEU,1
1982-11-16,1982,11,16,SEU,1
1983-05-03,1983,5,3,SEU,1
1983-09-16,1983,9,16,UNK,1
1983-10-08,1983,10,8,UNK,1
1983-12-03,1983,12,3,UNK,1
1984-05-09,1984,5,9,UNK,1
1984-06-07,1984,6,7,UNK,1
1984-06-08,1984,6,8,UNK,1
1984-07-21,1984,7,21,UNK,1
1984-08-07,1984,8,7,UNK,1
1984-11-06,1984,11,6,UNK,1
1984-12-16,1984,12,16,UNK,1
1985-08-23,1985,8,23,UNK,1
1985-11-15,1985,11,15,UNK,1
1985-11-26,1985,11,26,UNK,1
1986-10-30,1986,10,30,UNK,1
1987-12-31,1987,12,31,SEU,1
1984-09-20,1984,9,20,UNK,1
1986-04-20,1986,4,20,UNK,1
1986-05-16,1986,5,16,SEU,1
1986-05-17,1986,5,17,SEU,1
1986-05-18,1986,5,18,SEU,1
1986-10-14,1986,10,14,UNK,1
1979-03-28,1979,3,28,ESD,1
1979-04-14,1979,4,14,,1
1979-04-18,1979,4,18,ECEMP,1
1979-04-30,1979,4,30,ESD,1
1979-05-26,1979,5,26,ESD,1
1979-08-09,1979,8,9,,1
1979-09-18,1979,9,18,,1
1980-03-26,1980,3,26,ECEMP,1
1980-03-28,1980,3,28,ESD,1
1980-04-16,1980,4,16,,1
1980-06-12,1980,6,12,ECEMP,1
1980-06-13,1980,6,13,,1
1980-06-14,1980,6,14,ECEMP,1
1980-06-18,1980,6,18,ECEMP,1
1980-06-19,1980,6,19,,1
1980-06-20,1980,6,20,,1
1980-10-18,1980,10,18,ESD,1
1981-03-09,1981,3,9,ECEMP,1
1981-03-21,1981,3,21,ECEMP,1
1981-03-30,1981,3,30,ESD,1
1981-03-31,1981,3,31,ESD,1
1981-04-23,1981,4,23,ESD,1
1981-07-28,1981,7,28,ECEMP,1
1981-10-08,1981,10,8,,1
1981-12-11,1981,12,11,ECEMP,1
1982-06-12,1982,6,12,ECEMP,1
1982-07-16,1982,7,16,ECEMP,1
1982-09-06,1982,9,6,ECEMP,1
1982-09-26,1982,9,26,ECEMP,1
1982-11-22,1982,11,22,ESD,1
1983-03-28,1983,3,28,ECEMP,1
1983-04-03,1983,4,3,ESD,1
1983-05-10,1983,5,10,ECEMP,1
1983-05-15,1983,5,15,ECEMP,1
1983-09-19,1983,9,19,ESD,1
1983-09-23,1983,9,23,ECEMP,1
1983-09-26,1983,9,26,ECEMP,1
1983-09-27,1983,9,27,ECEMP,1
1983-09-30,1983,9,30,ECEMP,1
1983-10-04,1983,10,4,ESD,1
1983-12-10,1983,12,10,ECEMP,1
1984-05-18,1984,5,18,ECEMP,1
1984-05-27,1984,5,27,ECEMP,1
1984-07-18,1984,7,18,,1
1984-07-23,1984,7,23,ECEMP,1
1984-08-31,1984,8,31,,1
1984-09-06,1984,9,6,,1
1984-09-07,1984,9,7,,1
1984-09-08,1984,9,8,ECEMP,1
1984-09-09,1984,9,9,ECEMP,1
1984-09-14,1984,9,14,ECEMP,1
1984-09-16,1984,9,16,ECEMP,1
1984-09-21,1984,9,21,ECEMP,1
1984-09-22,1984,9,22,ECEMP,1
1984-09-26,1984,9,26,ECEMP,1
1984-11-18,1984,11,18,ECEMP,1
1984-11-20,1984,11,20,ECEMP,1
1985-02-20,1985,2,20,ECEMP,1
1985-06-11,1985,6,11,ECEMP,1
1985-11-30,1985,11,30,ECEMP,1
1986-03-13,1986,3,13,,1
1986-04-14,1986,4,14,ESD,1
1986-05-13,1986,5,13,,1
1987-03-30,1987,3,30,,1
1987-07-19,1987,7,19,ECEMP,1
1987-09-06,1987,9,6,ECEMP,1
1987-11-30,1987,11,30,,1
1970-08-19,1970,8,19,UNK,1
1975-01-14,1975,1,14,ECEMP,1
1975-02-02,1975,2,2,ECEMP,1
1975-03-06,1975,3,6,ECEMP,1
1975-03-13,1975,3,13,ECEMP,1
1975-03-15,1975,3,15,ECEMP,1
1975-03-16,1975,3,16,ECEMP,1
1975-03-18,1975,3,18,ECEMP,1
1975-03-19,1975,3,19,ECEMP,1
1975-03-20,1975,3,20,ECEMP,1
1975-03-21,1975,3,21,ECEMP,1
1975-03-22,1975,3,22,ECEMP,1
1975-03-23,1975,3,23,ECEMP,1
1975-03-25,1975,3,25,ECEMP,1
1975-03-26,1975,3,26,ECEMP,1
1975-03-28,1975,3,28,ECEMP,1
1975-03-29,1975,3,29,ECEMP,1
1975-03-30,1975,3,30,ECEMP,1
1975-04-01,1975,4,1,ECEMP,1
1975-04-02,1975,4,2,ECEMP,1
1975-04-05,1975,4,5,ECEMP,1
1975-04-06,1975,4,6,ECEMP,1
1975-04-07,1975,4,7,ECEMP,1
1975-04-10,1975,4,10,ECEMP,1
1975-04-11,1975,4,11,ECEMP,1
1975-04-13,1975,4,13,ECEMP,1
1975-04-14,1975,4,14,ECEMP,1
1975-04-15,1975,4,15,ECEMP,1
1975-04-16,1975,4,16,ECEMP,1
1975-04-21,1975,4,21,ECEMP,1
1975-04-22,1975,4,22,ECEMP,1
1975-04-23,1975,4,23,ECEMP,1
1975-04-24,1975,4,24,ECEMP,1
1975-04-25,1975,4,25,ECEMP,1
1975-04-26,1975,4,26,ECEMP,1
1975-04-27,1975,4,27,ECEMP,1
1975-04-28,1975,4,28,ECEMP,1
1975-05-04,1975,5,4,ECEMP,1
1975-05-06,1975,5,6,ECEMP,1
1975-06-30,1975,6,30,ECEMP,1
1975-08-13,1975,8,13,ECEMP,1
1975-09-10,1975,9,10,ECEMP,1
1975-09-11,1975,9,11,ECEMP,1
1975-09-20,1975,9,20,ECEMP,1
1975-09-21,1975,9,21,ECEMP,1
1975-10-08,1975,10,8,ECEMP,1
1975-10-11,1975,10,11,ECEMP,1
1975-11-01,1975,11,1,ECEMP,1
1975-11-03,1975,11,3,ECEMP,1
1975-11-04,1975,11,4,ECEMP,1
1975-11-05,1975,11,5,ECEMP,1
1975-11-26,1975,11,26,ECEMP,1
1975-11-28,1975,11,28,ECEMP,1
1975-11-29,1975,11,29,ECEMP,1
1975-12-01,1975,12,1,ECEMP,1
1975-12-02,1975,12,2,ECEMP,1
1975-12-03,1975,12,3,ECEMP,1
1976-01-01,1976,1,1,ECEMP,1
1976-01-25,1976,1,25,ECEMP,1
1976-02-03,1976,2,3,ECEMP,1
1976-02-11,1976,2,11,ECEMP,1
1976-02-13,1976,2,13,ECEMP,1
1976-02-14,1976,2,14,ECEMP,1
1976-02-22,1976,2,22,ECEMP,1
1976-02-23,1976,2,23,ECEMP,1
1976-03-02,1976,3,2,ECEMP,1
1976-03-03,1976,3,3,ECEMP,1
1976-03-04,1976,3,4,ECEMP,1
1976-03-05,1976,3,5,ECEMP,1
1976-03-06,1976,3,6,ECEMP,1
1976-03-07,1976,3,7,ECEMP,1
1976-03-08,1976,3,8,ECEMP,1
1976-03-09,1976,3,9,ECEMP,1
1976-03-10,1976,3,10,ECEMP,1
1976-03-11,1976,3,11,ECEMP,1
1976-03-12,1976,3,12,ECEMP,1
1976-03-17,1976,3,17,ECEMP,1
1976-03-18,1976,3,18,ECEMP,1
1976-03-20,1976,3,20,ECEMP,1
1976-03-21,1976,3,21,ECEMP,1
1976-03-23,1976,3,23,ECEMP,1
1976-03-27,1976,3,27,ECEMP,1
1976-03-29,1976,3,29,ECEMP,1
1976-03-30,1976,3,30,ECEMP,1
1976-04-03,1976,4,3,ECEMP,1
1976-04-04,1976,4,4,ECEMP,1
1976-04-06,1976,4,6,ECEMP,1
1976-04-11,1976,4,11,ECEMP,1
1976-05-01,1976,5,1,ECEMP,1
1976-05-04,1976,5,4,ECEMP,1
1976-05-05,1976,5,5,ECEMP,1
1976-06-12,1976,6,12,ECEMP,1
1976-06-30,1976,6,30,ECEMP,1
1976-07-31,1976,7,31,ECEMP,1
1976-08-03,1976,8,3,ECEMP,1
1976-08-25,1976,8,25,ECEMP,1
1976-08-26,1976,8,26,ECEMP,1
1976-08-27,1976,8,27,ECEMP,1
1976-08-28,1976,8,28,ECEMP,1
1976-08-29,1976,8,29,ECEMP,1
1976-09-02,1976,9,2,ECEMP,1
1976-09-04,1976,9,4,ECEMP,1
1976-09-20,1976,9,20,ECEMP,1
1976-09-21,1976,9,21,ECEMP,1
1976-09-28,1976,9,28,ECEMP,1
1976-10-02,1976,10,2,ECEMP,1
1976-10-04,1976,10,4,ECEMP,1
1976-10-16,1976,10,16,ECEMP,1
1976-10-17,1976,10,17,ECEMP,1
1976-10-18,1976,10,18,ECEMP,1
1976-11-12,1976,11,12,ECEMP,1
1976-11-13,1976,11,13,ECEMP,1
1976-11-14,1976,11,14,ECEMP,1
1976-11-16,1976,11,16,ECEMP,1
1976-11-26,1976,11,26,ECEMP,1
1984-05-22,1984,5,22,UNK,1
1985-04-18,1985,4,18,UNK,1
1985-11-10,1985,11,10,UNK,1
1984-12-21,1984,12,21,UNK,1
1986-04-01,1986,4,1,UNK,1
1991-04-05,1991,4,5,SEU,1
1991-04-07,1991,4,7,SEU,1
1991-04-08,1991,4,8,SEU,1
1991-04-09,1991,4,9,SEU,1
1991-04-10,1991,4,10,SEU,1
1991-04-11,1991,4,11,SEU,1
1991-04-28,1991,4,28,SEU,1
1991-04-29,1991,4,29,SEU,1
1991-04-30,1991,4,30,SEU,1
1991-05-01,1991,5,1,SEU,1
1991-05-02,1991,5,2,SEU,1
1991-05-06,1991,5,6,SEU,1
1992-05-03,1992,5,3,SEU,1
1991-08-02,1991,8,2,SEU,1
1991-08-04,1991,8,4,SEU,1
1991-08-11,1991,8,11,SEU,1
1991-11-25,1991,11,25,SEU,1
1991-11-26,1991,11,26,SEU,1
1991-11-27,1991,11,27,SEU,1
1991-11-28,1991,11,28,SEU,1
1991-11-29,1991,11,29,SEU,1
1991-11-30,1991,11,30,SEU,1
1991-12-01,1991,12,1,SEU,1
1991-09-13,1991,9,13,SEU,1
1991-09-16,1991,9,16,SEU,1
1991-09-17,1991,9,17,SEU,1
1963-02-14,1963,2,14,UNK,1
1985-09-23,1985,9,23,UNK,1
1985-04-13,1985,4,13,UNK,1
1985-09-06,1985,9,6,UNK,1
1983-04-05,1983,4,5,UNK,1
1986-11-02,1986,11,2,UNK,1
1986-11-03,1986,11,3,UNK,1
1987-03-11,1987,3,11,UNK,1
1987-06-17,1987,6,17,UNK,1
1987-08-11,1987,8,11,UNK,1
1987-09-15,1987,9,15,UNK,1
1988-06-17,1988,6,17,UNK,1
1988-10-25,1988,10,25,UNK,1
1993-08-01,1993,8,1,SEU,1
1993-08-26,1993,8,26,SEU,1
1993-11-15,1993,11,15,UNK,1
1993-05-05,1993,5,5,UNK,1
1993-12-02,1993,12,2,UNK,1
1993-12-12,1993,12,12,SEU,1
1993-01-13,1993,1,13,UNK,1
1993-01-14,1993,1,14,UNK,1
1993-02-24,1993,2,24,UNK,1
1993-05-17,1993,5,17,UNK,1
1993-07-10,1993,7,10,UNK,1
1993-07-17,1993,7,17,UNK,1
1993-09-05,1993,9,5,UNK,1
1993-10-13,1993,10,13,UNK,1
1984-08-25,1984,8,25,UNK,1
1989-06-23,1989,6,23,UNK,1
1985-03-12,1985,3,12,UNK,1
1987-01-20,1987,1,20,UNK,1
1987-01-21,1987,1,21,UNK,1
1987-04-08,1987,4,8,UNK,1
1987-03-04,1987,3,4,UNK,1
1992-08-12,1992,8,12,SEU,1
1992-08-15,1992,8,15,SEU,1
1992-08-18,1992,8,18,SEU,1
1992-08-22,1992,8,22,SEU,1
1992-08-25,1992,8,25,SEU,1
1992-08-26,1992,8,26,SEU,1
1992-08-27,1992,8,27,SEU,1
1992-08-28,1992,8,28,SEU,1
1992-08-29,1992,8,29,SEU,1
1992-08-31,1992,8,31,SEU,1
1992-09-03,1992,9,3,SEU,1
1992-09-04,1992,9,4,SEU,1
1992-09-05,1992,9,5,SEU,1
1992-09-07,1992,9,7,SEU,1
1992-09-09,1992,9,9,SEU,1
1992-09-10,1992,9,10,SEU,1
1992-09-12,1992,9,12,SEU,1
1992-09-14,1992,9,14,SEU,1
1992-09-15,1992,9,15,SEU,1
1992-09-16,1992,9,16,SEU,1
1979-08-10,1979,8,10,UNK,1
1982-06-09,1982,6,9,UNK,1
